i,t_v,Resistencia(Ohms)
0,1668616739.3984373,+1.37822270E+02
0,1668616739.834961,+1.37824250E+02
0,1668616740.2734375,+1.37823310E+02
0,1668616740.7128906,+1.37819150E+02
0,1668616741.1552734,+1.37823520E+02
0,1668616741.5976562,+1.37832780E+02
0,1668616742.038086,+1.37839750E+02
0,1668616742.472656,+1.37843590E+02
0,1668616742.9140625,+1.37845360E+02
0,1668616743.3554688,+1.37845670E+02
0,1668616743.7958984,+1.37845470E+02
0,1668616744.2304685,+1.37843910E+02
0,1668616744.6669922,+1.37842240E+02
0,1668616745.1074216,+1.37841510E+02
0,1668616745.5488281,+1.37839540E+02
0,1668616745.988281,+1.37835900E+02
0,1668616746.4296875,+1.37833190E+02
0,1668616746.8652341,+1.37830380E+02
0,1668616747.3027344,+1.37825290E+02
0,1668616747.7373047,+1.37820290E+02
0,1668616748.1796875,+1.37816650E+02
0,1668616748.6191406,+1.37806770E+02
0,1668616749.0605469,+1.37802090E+02
0,1668616749.4990234,+1.37765370E+02
0,1668616749.9394531,+1.37719600E+02
0,1668616750.3779297,+1.37705240E+02
0,1668616750.8134766,+1.37703470E+02
0,1668616751.2509766,+1.37693280E+02
0,1668616751.6904297,+1.37682880E+02
0,1668616752.1308594,+1.37707320E+02
0,1668616752.5751953,+1.37737390E+02
0,1668616753.0136716,+1.37769420E+02
0,1668616753.4550781,+1.37778990E+02
0,1668616753.8984373,+1.37787420E+02
0,1668616754.3408203,+1.37795740E+02
0,1668616754.78125,+1.37790330E+02
0,1668616755.220703,+1.37762980E+02
0,1668616755.6621091,+1.37754030E+02
0,1668616756.0996094,+1.37800630E+02
0,1668616756.5390625,+1.37816650E+02
0,1668616756.9814453,+1.37894980E+02
0,1668616757.4208982,+1.37945120E+02
0,1668616757.8583984,+1.37987770E+02
0,1668616758.3007812,+1.38001710E+02
0,1668616758.7382812,+1.38029800E+02
0,1668616759.1777344,+1.38026780E+02
0,1668616759.620117,+1.38064750E+02
0,1668616760.0625,+1.38060490E+02
0,1668616760.5009763,+1.38066930E+02
0,1668616760.9375,+1.38073700E+02
0,1668616761.3730469,+1.38107610E+02
0,1668616761.8115234,+1.38120300E+02
0,1668616762.2509766,+1.38092210E+02
0,1668616762.6904297,+1.38099700E+02
0,1668616763.1259766,+1.38091480E+02
0,1668616763.5615234,+1.38079420E+02
0,1668616763.9990234,+1.38071930E+02
0,1668616764.4384766,+1.38078690E+02
0,1668616764.8740234,+1.38024600E+02
0,1668616765.3261719,+1.38026990E+02
0,1668616765.7617188,+1.38087220E+02
0,1668616766.203125,+1.38111980E+02
0,1668616766.6425781,+1.38143500E+02
0,1668616767.0810547,+1.38149430E+02
0,1668616767.5205078,+1.38174600E+02
0,1668616767.9638672,+1.38173870E+02
0,1668616768.4023438,+1.38168980E+02
0,1668616768.8457031,+1.38144020E+02
0,1668616769.2822263,+1.38134970E+02
0,1668616769.7226562,+1.38172310E+02
0,1668616770.1621091,+1.38182190E+02
0,1668616770.6015627,+1.38198010E+02
0,1668616771.0429685,+1.38165340E+02
0,1668616771.4833984,+1.38161700E+02
0,1668616771.9228516,+1.38178450E+02
0,1668616772.3671875,+1.38232540E+02
0,1668616772.7998047,+1.38212360E+02
0,1668616773.2382812,+1.38205700E+02
0,1668616773.6796875,+1.38224430E+02
0,1668616774.118164,+1.38251060E+02
0,1668616774.55957,+1.38269680E+02
0,1668616774.9980466,+1.38281850E+02
0,1668616775.4384766,+1.38281640E+02
0,1668616775.878906,+1.38291320E+02
0,1668616776.3183594,+1.38296200E+02
0,1668616776.758789,+1.38306710E+02
0,1668616777.1972656,+1.38309830E+02
0,1668616777.6367185,+1.38313890E+02
0,1668616778.0761719,+1.38318470E+02
0,1668616778.5195312,+1.38320340E+02
0,1668616778.9570312,+1.38327200E+02
0,1668616779.3945312,+1.38333240E+02
0,1668616779.8320312,+1.38343330E+02
0,1668616780.2714844,+1.38344990E+02
0,1668616780.7089844,+1.38343220E+02
0,1668616781.1494138,+1.38359140E+02
0,1668616781.5908203,+1.38370580E+02
0,1668616782.03125,+1.38387540E+02
0,1668616782.4716794,+1.38394400E+02
0,1668616782.9111326,+1.38397630E+02
0,1668616783.3525388,+1.38394200E+02
0,1668616783.791992,+1.38414270E+02
0,1668616784.2324219,+1.38417710E+02
0,1668616784.6708984,+1.38417710E+02
0,1668616785.1074216,+1.38424260E+02
0,1668616785.5458984,+1.38430810E+02
0,1668616785.984375,+1.38439860E+02
0,1668616786.4257812,+1.38439240E+02
0,1668616786.8623044,+1.38443500E+02
0,1668616787.305664,+1.38451300E+02
0,1668616787.7509766,+1.38463160E+02
0,1668616788.1923828,+1.38478870E+02
0,1668616788.6279297,+1.38482820E+02
0,1668616789.0673828,+1.38488440E+02
0,1668616789.5039062,+1.38498840E+02
0,1668616789.9433591,+1.38518710E+02
0,1668616790.378906,+1.38521000E+02
0,1668616790.821289,+1.38523190E+02
0,1668616791.258789,+1.38519130E+02
0,1668616791.6992188,+1.38513200E+02
0,1668616792.1494138,+1.38512890E+02
0,1668616792.5898438,+1.38508830E+02
0,1668616793.0273435,+1.38480540E+02
0,1668616793.4667969,+1.38505610E+02
0,1668616793.9111326,+1.38477000E+02
0,1668616794.3515625,+1.38562300E+02
0,1668616794.7910156,+1.38580820E+02
0,1668616795.2314453,+1.38579670E+02
0,1668616795.6728516,+1.38578530E+02
0,1668616796.1132812,+1.38595170E+02
0,1668616796.5556638,+1.38605050E+02
0,1668616796.995117,+1.38616180E+02
0,1668616797.4345703,+1.38599540E+02
0,1668616797.8730469,+1.38608800E+02
0,1668616798.3115234,+1.38608590E+02
0,1668616798.7500002,+1.38607760E+02
0,1668616799.1904297,+1.38631580E+02
0,1668616799.6308594,+1.38645930E+02
0,1668616800.0732422,+1.38644270E+02
0,1668616800.5146484,+1.38647390E+02
0,1668616800.9501953,+1.38629600E+02
0,1668616801.3896484,+1.38634800E+02
0,1668616801.8291016,+1.38652490E+02
0,1668616802.2685544,+1.38656130E+02
0,1668616802.709961,+1.38650620E+02
0,1668616803.1494138,+1.38660500E+02
0,1668616803.5898438,+1.38669760E+02
0,1668616804.0283203,+1.38684940E+02
0,1668616804.4697266,+1.38683800E+02
0,1668616804.9052734,+1.38676100E+02
0,1668616805.3417969,+1.38679120E+02
0,1668616805.7832031,+1.38676210E+02
0,1668616806.2226562,+1.38681090E+02
0,1668616806.663086,+1.38691500E+02
0,1668616807.102539,+1.38692430E+02
0,1668616807.5429685,+1.38695760E+02
0,1668616807.984375,+1.38697010E+02
0,1668616808.4228516,+1.38692750E+02
0,1668616808.8632812,+1.38693580E+02
0,1668616809.3017578,+1.38694200E+02
0,1668616809.7382812,+1.38690670E+02
0,1668616810.1835938,+1.38695970E+02
0,1668616810.6220703,+1.38698260E+02
0,1668616811.05957,+1.38697840E+02
0,1668616811.4970703,+1.38708140E+02
0,1668616811.9375,+1.38707520E+02
0,1668616812.3759766,+1.38708770E+02
0,1668616812.8203125,+1.38713650E+02
0,1668616813.2617188,+1.38715110E+02
0,1668616813.7021484,+1.38717400E+02
0,1668616814.1464841,+1.38714490E+02
0,1668616814.584961,+1.38715630E+02
0,1668616815.0253906,+1.38715210E+02
0,1668616815.4638672,+1.38714590E+02
0,1668616815.9033203,+1.38718440E+02
0,1668616816.3457031,+1.38714900E+02
0,1668616816.7861328,+1.38718020E+02
0,1668616817.2236328,+1.38720520E+02
0,1668616817.665039,+1.38725200E+02
0,1668616818.1035156,+1.38723540E+02
0,1668616818.5429685,+1.38722080E+02
0,1668616818.9824219,+1.38720830E+02
0,1668616819.4248047,+1.38720000E+02
0,1668616819.8662107,+1.38715630E+02
0,1668616820.305664,+1.38731440E+02
0,1668616820.7441406,+1.38724470E+02
0,1668616821.1826172,+1.38729050E+02
0,1668616821.6269531,+1.38730300E+02
0,1668616822.0615234,+1.38729470E+02
0,1668616822.5,+1.38731650E+02
0,1668616822.9414062,+1.38733110E+02
0,1668616823.3847656,+1.38731960E+02
0,1668616823.8222656,+1.38734360E+02
0,1668616824.2636719,+1.38735710E+02
0,1668616824.709961,+1.38734880E+02
0,1668616825.147461,+1.38734560E+02
0,1668616825.5878906,+1.38737370E+02
0,1668616826.0292969,+1.38741430E+02
0,1668616826.4707031,+1.38741740E+02
0,1668616826.9091797,+1.38742160E+02
0,1668616827.3466794,+1.38742050E+02
0,1668616827.790039,+1.38742160E+02
0,1668616828.2333982,+1.38743300E+02
0,1668616828.6738281,+1.38744550E+02
0,1668616829.111328,+1.38747460E+02
0,1668616829.5527341,+1.38745690E+02
0,1668616829.9921875,+1.38748400E+02
0,1668616830.4306638,+1.38742050E+02
0,1668616830.8701172,+1.38740700E+02
0,1668616831.3115234,+1.38746420E+02
0,1668616831.7529294,+1.38743410E+02
0,1668616832.1953125,+1.38747250E+02
0,1668616832.6347656,+1.38746530E+02
0,1668616833.078125,+1.38744760E+02
0,1668616833.517578,+1.38742470E+02
0,1668616833.9580078,+1.38745380E+02
0,1668616834.3935547,+1.38748190E+02
0,1668616834.8320312,+1.38747460E+02
0,1668616835.2705078,+1.38746320E+02
0,1668616835.709961,+1.38746320E+02
0,1668616836.1503906,+1.38751310E+02
0,1668616836.5888672,+1.38746420E+02
0,1668616837.0302732,+1.38745380E+02
0,1668616837.4667969,+1.38749960E+02
0,1668616837.9111326,+1.38752980E+02
0,1668616838.3496091,+1.38750900E+02
0,1668616838.785156,+1.38749340E+02
0,1668616839.227539,+1.38747250E+02
0,1668616839.665039,+1.38754430E+02
0,1668616840.1035156,+1.38755680E+02
0,1668616840.5429685,+1.38748920E+02
0,1668616840.9824219,+1.38748400E+02
0,1668616841.4257812,+1.38749960E+02
0,1668616841.8642578,+1.38750790E+02
0,1668616842.2998047,+1.38754220E+02
0,1668616842.7363281,+1.38755890E+02
0,1668616843.1787107,+1.38754120E+02
0,1668616843.618164,+1.38751620E+02
0,1668616844.0585938,+1.38751420E+02
0,1668616844.5,+1.38754220E+02
0,1668616844.9414062,+1.38755260E+02
0,1668616845.383789,+1.38750380E+02
0,1668616845.8242185,+1.38755780E+02
0,1668616846.2636719,+1.38759430E+02
0,1668616846.7060547,+1.38759950E+02
0,1668616847.147461,+1.38757240E+02
0,1668616847.586914,+1.38756620E+02
0,1668616848.0205078,+1.38761710E+02
0,1668616848.4638672,+1.38759430E+02
0,1668616848.9033203,+1.38756100E+02
0,1668616849.34375,+1.38756300E+02
0,1668616849.7822263,+1.38758070E+02
0,1668616850.21875,+1.38756200E+02
0,1668616850.665039,+1.38760050E+02
0,1668616851.1054688,+1.38757870E+02
0,1668616851.5429685,+1.38756620E+02
0,1668616851.9824219,+1.38757970E+02
0,1668616852.421875,+1.38753500E+02
0,1668616852.8652341,+1.38757240E+02
0,1668616853.3066406,+1.38759430E+02
0,1668616853.7470703,+1.38756100E+02
0,1668616854.1816406,+1.38757660E+02
0,1668616854.6230469,+1.38757240E+02
0,1668616855.0625,+1.38760150E+02
0,1668616855.5009763,+1.38756930E+02
0,1668616855.9394531,+1.38754740E+02
0,1668616856.3808594,+1.38753910E+02
0,1668616856.819336,+1.38755890E+02
0,1668616857.2597654,+1.38757240E+02
0,1668616857.696289,+1.38761610E+02
0,1668616858.1347656,+1.38764000E+02
0,1668616858.5742188,+1.38760880E+02
0,1668616859.015625,+1.38762230E+02
0,1668616859.4570312,+1.38765870E+02
0,1668616859.899414,+1.38759320E+02
0,1668616860.3388672,+1.38759950E+02
0,1668616860.7802734,+1.38760780E+02
0,1668616861.2158203,+1.38761710E+02
0,1668616861.65332,+1.38761820E+02
0,1668616862.0966797,+1.38760260E+02
0,1668616862.5390625,+1.38761090E+02
0,1668616862.9785156,+1.38762550E+02
0,1668616863.416992,+1.38766920E+02
0,1668616863.8583984,+1.38757450E+02
0,1668616864.2988281,+1.38760670E+02
0,1668616864.7373047,+1.38759430E+02
0,1668616865.1738281,+1.38757240E+02
0,1668616865.6142578,+1.38757970E+02
0,1668616866.053711,+1.38757870E+02
0,1668616866.493164,+1.38757760E+02
0,1668616866.9335935,+1.38758800E+02
0,1668616867.368164,+1.38758910E+02
0,1668616867.805664,+1.38757450E+02
0,1668616868.2451172,+1.38762340E+02
0,1668616868.6865234,+1.38760670E+02
0,1668616869.1240232,+1.38760470E+02
0,1668616869.5605469,+1.38761190E+02
0,1668616869.9990234,+1.38760780E+02
0,1668616870.4404294,+1.38758910E+02
0,1668616870.8798828,+1.38760780E+02
0,1668616871.319336,+1.38760670E+02
0,1668616871.7597654,+1.38756410E+02
0,1668616872.2050781,+1.38757760E+02
0,1668616872.647461,+1.38758490E+02
0,1668616873.0898438,+1.38761820E+02
0,1668616873.5302732,+1.38758180E+02
0,1668616873.9707031,+1.38756200E+02
0,1668616874.4111328,+1.38757970E+02
0,1668616874.8525388,+1.38757450E+02
0,1668616875.290039,+1.38759010E+02
0,1668616875.7265625,+1.38758280E+02
0,1668616876.1669922,+1.38760360E+02
0,1668616876.6035156,+1.38760050E+02
0,1668616877.0439453,+1.38756100E+02
0,1668616877.4853513,+1.38755780E+02
0,1668616877.9248047,+1.38756200E+02
0,1668616878.3623044,+1.38754540E+02
0,1668616878.8007812,+1.38756300E+02
0,1668616879.241211,+1.38759430E+02
0,1668616879.6787107,+1.38758800E+02
0,1668616880.1191406,+1.38759840E+02
0,1668616880.5556638,+1.38760670E+02
0,1668616880.9941406,+1.38761610E+02
0,1668616881.4375,+1.38758590E+02
0,1668616881.8730469,+1.38755470E+02
0,1668616882.314453,+1.38756930E+02
0,1668616882.7519531,+1.38758590E+02
0,1668616883.191406,+1.38758070E+02
0,1668616883.6298828,+1.38755680E+02
0,1668616884.0703125,+1.38752980E+02
0,1668616884.5097656,+1.38754850E+02
0,1668616884.9531252,+1.38755260E+02
0,1668616885.3916013,+1.38756930E+02
0,1668616885.8320312,+1.38757340E+02
0,1668616886.2753906,+1.38757340E+02
0,1668616886.7158203,+1.38762440E+02
0,1668616887.15625,+1.38761820E+02
0,1668616887.5986328,+1.38757970E+02
0,1668616888.0419922,+1.38758180E+02
0,1668616888.4824219,+1.38761710E+02
0,1668616888.9208982,+1.38762440E+02
0,1668616889.356445,+1.38765770E+02
0,1668616889.7988281,+1.38764210E+02
0,1668616890.234375,+1.38757660E+02
0,1668616890.671875,+1.38757970E+02
0,1668616891.1074216,+1.38758280E+02
0,1668616891.5458984,+1.38760780E+02
0,1668616891.9833984,+1.38759950E+02
0,1668616892.4189453,+1.38762030E+02
0,1668616892.8554688,+1.38762960E+02
0,1668616893.296875,+1.38760990E+02
0,1668616893.7402341,+1.38764940E+02
0,1668616894.1816406,+1.38764420E+02
0,1668616894.620117,+1.38765670E+02
0,1668616895.0585938,+1.38764310E+02
0,1668616895.495117,+1.38760360E+02
0,1668616895.9306638,+1.38762550E+02
0,1668616896.3662107,+1.38763480E+02
0,1668616896.805664,+1.38762960E+02
0,1668616897.2431638,+1.38759630E+02
0,1668616897.6845703,+1.38764940E+02
0,1668616898.1220703,+1.38764110E+02
0,1668616898.5625,+1.38763690E+02
0,1668616899.0019531,+1.38762750E+02
0,1668616899.4433591,+1.38763480E+02
0,1668616899.8847656,+1.38762030E+02
0,1668616900.3222656,+1.38762130E+02
0,1668616900.7607422,+1.38764310E+02
0,1668616901.1972656,+1.38763590E+02
0,1668616901.6376953,+1.38761510E+02
0,1668616902.0771484,+1.38761610E+02
0,1668616902.5136716,+1.38762340E+02
0,1668616902.9570312,+1.38762860E+02
0,1668616903.397461,+1.38761400E+02
0,1668616903.8408203,+1.38762650E+02
0,1668616904.2783203,+1.38765870E+02
0,1668616904.71875,+1.38763070E+02
0,1668616905.1601562,+1.38760570E+02
0,1668616905.5996094,+1.38761820E+02
0,1668616906.0419922,+1.38761920E+02
0,1668616906.4853513,+1.38759840E+02
0,1668616906.9248047,+1.38763070E+02
0,1668616907.3623044,+1.38761710E+02
0,1668616907.803711,+1.38760880E+02
0,1668616908.2421875,+1.38760880E+02
0,1668616908.6826172,+1.38764210E+02
0,1668616909.1230469,+1.38758180E+02
0,1668616909.5585938,+1.38765150E+02
0,1668616910.0058594,+1.38759950E+02
0,1668616910.4423828,+1.38762030E+02
0,1668616910.8818357,+1.38766290E+02
0,1668616911.3154297,+1.38760880E+02
0,1668616911.756836,+1.38772840E+02
0,1668616912.1972656,+1.38765350E+02
0,1668616912.6396484,+1.38764830E+02
0,1668616913.0800781,+1.38763690E+02
0,1668616913.5185547,+1.38768160E+02
0,1668616913.9580078,+1.38765350E+02
0,1668616914.4003906,+1.38761610E+02
0,1668616914.8369138,+1.38760570E+02
0,1668616915.2763672,+1.38756200E+02
0,1668616915.7197266,+1.38757140E+02
0,1668616916.163086,+1.38758180E+02
0,1668616916.5996094,+1.38759320E+02
0,1668616917.0419922,+1.38757240E+02
0,1668616917.4824219,+1.38761510E+02
0,1668616917.921875,+1.38763480E+02
0,1668616918.3583984,+1.38765250E+02
0,1668616918.796875,+1.38764630E+02
0,1668616919.2382812,+1.38766400E+02
0,1668616919.675781,+1.38767020E+02
0,1668616920.1132812,+1.38766810E+02
0,1668616920.5488281,+1.38767120E+02
0,1668616920.988281,+1.38766290E+02
0,1668616921.4277344,+1.38764310E+02
0,1668616921.8701172,+1.38760780E+02
0,1668616922.3085938,+1.38766080E+02
0,1668616922.7470703,+1.38770040E+02
0,1668616923.1845703,+1.38766500E+02
0,1668616923.620117,+1.38765350E+02
0,1668616924.0576172,+1.38764420E+02
0,1668616924.4941406,+1.38770040E+02
0,1668616924.9267578,+1.38763590E+02
0,1668616925.3623044,+1.38768580E+02
0,1668616925.7998047,+1.38772320E+02
0,1668616926.234375,+1.38765770E+02
0,1668616926.6689453,+1.38762750E+02
0,1668616927.1083984,+1.38763590E+02
0,1668616927.5468748,+1.38763070E+02
0,1668616927.9892578,+1.38765150E+02
0,1668616928.4277344,+1.38764420E+02
0,1668616928.8671875,+1.38759530E+02
0,1668616929.305664,+1.38762440E+02
0,1668616929.7470703,+1.38758700E+02
0,1668616930.1826172,+1.38761710E+02
0,1668616930.618164,+1.38759950E+02
0,1668616931.0507812,+1.38763380E+02
0,1668616931.488281,+1.38762130E+02
0,1668616931.921875,+1.38755160E+02
0,1668616932.356445,+1.38755680E+02
0,1668616932.796875,+1.38759740E+02
0,1668616933.2314453,+1.38759320E+02
0,1668616933.6699219,+1.38766810E+02
0,1668616934.1074216,+1.38760880E+02
0,1668616934.5507812,+1.38760360E+02
0,1668616934.9902344,+1.38760150E+02
0,1668616935.4296875,+1.38762440E+02
0,1668616935.8710938,+1.38760990E+02
0,1668616936.3125,+1.38761510E+02
0,1668616936.7519531,+1.38762130E+02
0,1668616937.1884763,+1.38759430E+02
0,1668616937.6259766,+1.38761300E+02
0,1668616938.0634766,+1.38758590E+02
0,1668616938.5039062,+1.38758800E+02
0,1668616938.9433591,+1.38766190E+02
0,1668616939.3828125,+1.38760260E+02
0,1668616939.8203125,+1.38758490E+02
0,1668616940.258789,+1.38758390E+02
0,1668616940.696289,+1.38757660E+02
0,1668616941.1298828,+1.38755580E+02
0,1668616941.5683594,+1.38763590E+02
0,1668616942.008789,+1.38762340E+02
0,1668616942.4472656,+1.38760780E+02
0,1668616942.8886716,+1.38762230E+02
0,1668616943.3291016,+1.38761400E+02
0,1668616943.7734375,+1.38760670E+02
0,1668616944.2148438,+1.38759430E+02
0,1668616944.6542969,+1.38762860E+02
0,1668616945.09375,+1.38762750E+02
0,1668616945.5361328,+1.38757140E+02
0,1668616945.9755857,+1.38761400E+02
0,1668616946.421875,+1.38756510E+02
0,1668616946.8623044,+1.38755470E+02
0,1668616947.3066406,+1.38757870E+02
0,1668616947.7421875,+1.38758490E+02
0,1668616948.1845703,+1.38754330E+02
0,1668616948.625,+1.38757340E+02
0,1668616949.0634766,+1.38765150E+02
0,1668616949.506836,+1.38765040E+02
0,1668616949.9482422,+1.38765250E+02
0,1668616950.3857422,+1.38763790E+02
0,1668616950.8251953,+1.38763790E+02
0,1668616951.2646484,+1.38767640E+02
0,1668616951.7041013,+1.38761300E+02
0,1668616952.147461,+1.38763900E+02
0,1668616952.5878906,+1.38759950E+02
0,1668616953.0302732,+1.38763900E+02
0,1668616953.4677734,+1.38762030E+02
0,1668616953.9091797,+1.38761920E+02
0,1668616954.3496091,+1.38764000E+02
0,1668616954.790039,+1.38760570E+02
0,1668616955.2304685,+1.38760780E+02
0,1668616955.6728516,+1.38760780E+02
0,1668616956.1171875,+1.38764210E+02
0,1668616956.5566406,+1.38765870E+02
0,1668616956.995117,+1.38762550E+02
0,1668616957.4335935,+1.38759630E+02
0,1668616957.8759766,+1.38762550E+02
0,1668616958.3134766,+1.38765770E+02
0,1668616958.756836,+1.38764110E+02
0,1668616959.1972656,+1.38764110E+02
0,1668616959.6376953,+1.38764520E+02
0,1668616960.0791013,+1.38767120E+02
0,1668616960.5185547,+1.38761710E+02
0,1668616960.9589841,+1.38764110E+02
0,1668616961.399414,+1.38762440E+02
0,1668616961.8398435,+1.38763480E+02
0,1668616962.28125,+1.38764420E+02
0,1668616962.71875,+1.38763790E+02
0,1668616963.1582031,+1.38763480E+02
0,1668616963.5957031,+1.38760990E+02
0,1668616964.0351562,+1.38764210E+02
0,1668616964.4765625,+1.38760050E+02
0,1668616964.9179688,+1.38766810E+02
0,1668616965.356445,+1.38761300E+02
0,1668616965.7949216,+1.38759950E+02
0,1668616966.2363281,+1.38762750E+02
0,1668616966.6748044,+1.38757240E+02
0,1668616967.116211,+1.38758700E+02
0,1668616967.5605469,+1.38758590E+02
0,1668616968.0039062,+1.38760150E+02
0,1668616968.4433591,+1.38763790E+02
0,1668616968.8808594,+1.38763590E+02
0,1668616969.3183594,+1.38766710E+02
0,1668616969.7597654,+1.38763070E+02
0,1668616970.1972656,+1.38762750E+02
0,1668616970.6367185,+1.38762550E+02
0,1668616971.0791013,+1.38762440E+02
0,1668616971.5214844,+1.38765670E+02
0,1668616971.9580078,+1.38765870E+02
0,1668616972.399414,+1.38762550E+02
0,1668616972.8398435,+1.38762750E+02
0,1668616973.2792969,+1.38760880E+02
0,1668616973.7197266,+1.38762030E+02
0,1668616974.1601562,+1.38760670E+02
0,1668616974.5986328,+1.38759950E+02
0,1668616975.0429685,+1.38761400E+02
0,1668616975.4794922,+1.38757450E+02
0,1668616975.9208982,+1.38759110E+02
0,1668616976.3603516,+1.38757660E+02
0,1668616976.8017578,+1.38757450E+02
0,1668616977.2402341,+1.38755780E+02
0,1668616977.6835938,+1.38761090E+02
0,1668616978.1210938,+1.38761920E+02
0,1668616978.5615234,+1.38756200E+02
0,1668616979.0009763,+1.38752250E+02
0,1668616979.4423828,+1.38752350E+02
0,1668616979.8808594,+1.38754950E+02
0,1668616980.3183594,+1.38755990E+02
0,1668616980.7558591,+1.38759220E+02
0,1668616981.1953125,+1.38756720E+02
0,1668616981.6367185,+1.38758280E+02
0,1668616982.0742188,+1.38760260E+02
0,1668616982.515625,+1.38760780E+02
0,1668616982.9570312,+1.38755780E+02
0,1668616983.3964844,+1.38758800E+02
0,1668616983.8359375,+1.38764520E+02
0,1668616984.2714844,+1.38762340E+02
0,1668616984.7128906,+1.38761400E+02
0,1668616985.1503906,+1.38760470E+02
0,1668616985.5898438,+1.38764630E+02
0,1668616986.0302732,+1.38760570E+02
0,1668616986.46875,+1.38760780E+02
0,1668616986.9091797,+1.38762130E+02
0,1668616987.3457031,+1.38763170E+02
0,1668616987.790039,+1.38756620E+02
0,1668616988.2294922,+1.38760780E+02
0,1668616988.6679688,+1.38763790E+02
0,1668616989.1083984,+1.38759740E+02
0,1668616989.5468748,+1.38760260E+02
0,1668616989.9853513,+1.38760150E+02
0,1668616990.4228516,+1.38758180E+02
0,1668616990.8662107,+1.38756510E+02
0,1668616991.3007812,+1.38761190E+02
0,1668616991.7451172,+1.38758800E+02
0,1668616992.1875,+1.38763690E+02
0,1668616992.6289062,+1.38765980E+02
0,1668616993.0673828,+1.38766080E+02
0,1668616993.5058594,+1.38763070E+02
0,1668616993.9423828,+1.38766600E+02
0,1668616994.3798828,+1.38759840E+02
0,1668616994.8222656,+1.38759840E+02
0,1668616995.258789,+1.38758700E+02
0,1668616995.6933594,+1.38755580E+02
0,1668616996.1328125,+1.38758800E+02
0,1668616996.5732422,+1.38760570E+02
0,1668616997.0136716,+1.38764000E+02
0,1668616997.4511719,+1.38760360E+02
0,1668616997.8935547,+1.38760780E+02
0,1668616998.3291016,+1.38757240E+02
0,1668616998.7685544,+1.38758390E+02
0,1668616999.209961,+1.38760670E+02
0,1668616999.6494138,+1.38759530E+02
0,1668617000.0859375,+1.38760050E+02
0,1668617000.522461,+1.38760050E+02
0,1668617000.961914,+1.38757550E+02
0,1668617001.4052734,+1.38762750E+02
0,1668617001.84375,+1.38760670E+02
0,1668617002.285156,+1.38763070E+02
0,1668617002.7236328,+1.38762230E+02
0,1668617003.165039,+1.38760150E+02
0,1668617003.6015627,+1.38759740E+02
0,1668617004.0390625,+1.38763480E+02
0,1668617004.4755857,+1.38758910E+02
0,1668617004.9140625,+1.38759110E+02
0,1668617005.3515625,+1.38760150E+02
0,1668617005.790039,+1.38758390E+02
0,1668617006.2314453,+1.38757870E+02
0,1668617006.6708984,+1.38755470E+02
0,1668617007.111328,+1.38757240E+02
0,1668617007.5527341,+1.38756510E+02
0,1668617007.9941406,+1.38753600E+02
0,1668617008.4335935,+1.38755160E+02
0,1668617008.8759766,+1.38755780E+02
0,1668617009.3164062,+1.38757240E+02
0,1668617009.756836,+1.38754330E+02
0,1668617010.198242,+1.38752040E+02
0,1668617010.6357422,+1.38753600E+02
0,1668617011.0742188,+1.38754540E+02
0,1668617011.5136716,+1.38756620E+02
0,1668617011.9521484,+1.38755890E+02
0,1668617012.3925781,+1.38762550E+02
0,1668617012.8310547,+1.38758390E+02
0,1668617013.2705078,+1.38757870E+02
0,1668617013.7109375,+1.38755470E+02
0,1668617014.1503906,+1.38755990E+02
0,1668617014.586914,+1.38754120E+02
0,1668617015.0214844,+1.38760470E+02
0,1668617015.4638672,+1.38757450E+02
0,1668617015.9003906,+1.38759950E+02
0,1668617016.334961,+1.38758910E+02
0,1668617016.774414,+1.38757970E+02
0,1668617017.2167966,+1.38757550E+02
0,1668617017.6552734,+1.38756410E+02
0,1668617018.0957031,+1.38754020E+02
0,1668617018.5341797,+1.38761710E+02
0,1668617018.9707031,+1.38762230E+02
0,1668617019.4121094,+1.38757870E+02
0,1668617019.8525388,+1.38759430E+02
0,1668617020.2910156,+1.38759630E+02
0,1668617020.7285156,+1.38764520E+02
0,1668617021.1669922,+1.38762960E+02
0,1668617021.6064453,+1.38758910E+02
0,1668617022.0468748,+1.38757760E+02
0,1668617022.4833984,+1.38758070E+02
0,1668617022.9228516,+1.38755780E+02
0,1668617023.3623044,+1.38758390E+02
0,1668617023.8066406,+1.38755580E+02
0,1668617024.2451172,+1.38755370E+02
0,1668617024.6884763,+1.38756510E+02
0,1668617025.1289062,+1.38757340E+02
0,1668617025.5703125,+1.38762440E+02
0,1668617026.0097656,+1.38756510E+02
0,1668617026.4501953,+1.38761300E+02
0,1668617026.890625,+1.38761820E+02
0,1668617027.3271482,+1.38764520E+02
0,1668617027.7695312,+1.38755470E+02
0,1668617028.2070312,+1.38759430E+02
0,1668617028.6455078,+1.38759430E+02
0,1668617029.086914,+1.38760470E+02
0,1668617029.522461,+1.38762550E+02
0,1668617029.9658203,+1.38761090E+02
0,1668617030.4033203,+1.38758590E+02
0,1668617030.8447266,+1.38763690E+02
0,1668617031.2861328,+1.38762650E+02
0,1668617031.727539,+1.38757030E+02
0,1668617032.1669922,+1.38757450E+02
0,1668617032.6083984,+1.38759740E+02
0,1668617033.0517578,+1.38761710E+02
0,1668617033.4921875,+1.38761190E+02
0,1668617033.9316406,+1.38762340E+02
0,1668617034.3671875,+1.38761710E+02
0,1668617034.803711,+1.38762030E+02
0,1668617035.2421875,+1.38761400E+02
0,1668617035.6845703,+1.38759530E+02
0,1668617036.125,+1.38755890E+02
0,1668617036.5664062,+1.38753910E+02
0,1668617037.006836,+1.38764520E+02
0,1668617037.4453125,+1.38757660E+02
0,1668617037.8886716,+1.38760780E+02
0,1668617038.328125,+1.38759320E+02
0,1668617038.7675781,+1.38759430E+02
0,1668617039.2128906,+1.38757870E+02
0,1668617039.6542969,+1.38760880E+02
0,1668617040.0947263,+1.38759430E+02
0,1668617040.5283203,+1.38755680E+02
0,1668617040.9697266,+1.38765980E+02
0,1668617041.4052734,+1.38762960E+02
0,1668617041.8457031,+1.38765560E+02
0,1668617042.2841797,+1.38765980E+02
0,1668617042.727539,+1.38762230E+02
0,1668617043.1679688,+1.38756620E+02
0,1668617043.604492,+1.38759010E+02
0,1668617044.0429685,+1.38759220E+02
0,1668617044.4824219,+1.38762550E+02
0,1668617044.9238281,+1.38760880E+02
0,1668617045.3642578,+1.38760260E+02
0,1668617045.7998047,+1.38760880E+02
0,1668617046.234375,+1.38759110E+02
0,1668617046.6738281,+1.38757450E+02
0,1668617047.1123047,+1.38758800E+02
0,1668617047.5527341,+1.38756300E+02
0,1668617047.991211,+1.38760260E+02
0,1668617048.428711,+1.38762960E+02
0,1668617048.8710938,+1.38764310E+02
0,1668617049.3105466,+1.38761510E+02
0,1668617049.7480469,+1.38763380E+02
0,1668617050.1855466,+1.38763900E+02
0,1668617050.6230469,+1.38764000E+02
0,1668617051.0605469,+1.38764110E+02
0,1668617051.4980466,+1.38760360E+02
0,1668617051.9414062,+1.38758070E+02
0,1668617052.3779297,+1.38758180E+02
0,1668617052.8125,+1.38763270E+02
0,1668617053.2519531,+1.38770240E+02
0,1668617053.694336,+1.38767960E+02
0,1668617054.1357422,+1.38764730E+02
0,1668617054.5791013,+1.38763270E+02
0,1668617055.0205078,+1.38761820E+02
0,1668617055.461914,+1.38762860E+02
0,1668617055.9003906,+1.38770140E+02
0,1668617056.334961,+1.38764940E+02
0,1668617056.774414,+1.38759220E+02
0,1668617057.211914,+1.38759430E+02
0,1668617057.647461,+1.38758280E+02
0,1668617058.09375,+1.38760360E+02
0,1668617058.5351562,+1.38763690E+02
0,1668617058.972656,+1.38761510E+02
0,1668617059.4101562,+1.38761190E+02
0,1668617059.8496091,+1.38761510E+02
0,1668617060.290039,+1.38760780E+02
0,1668617060.7294922,+1.38762440E+02
0,1668617061.1699219,+1.38761710E+02
0,1668617061.6123047,+1.38757030E+02
0,1668617062.053711,+1.38759950E+02
0,1668617062.4960938,+1.38767540E+02
0,1668617062.9335935,+1.38762860E+02
0,1668617063.375,+1.38760050E+02
0,1668617063.814453,+1.38763270E+02
0,1668617064.258789,+1.38762030E+02
0,1668617064.6972656,+1.38761710E+02
0,1668617065.1357422,+1.38761610E+02
0,1668617065.5751953,+1.38767440E+02
0,1668617066.015625,+1.38760990E+02
0,1668617066.4580078,+1.38758800E+02
0,1668617066.897461,+1.38758180E+02
0,1668617067.3466794,+1.38764730E+02
0,1668617067.790039,+1.38761090E+02
0,1668617068.225586,+1.38762030E+02
0,1668617068.665039,+1.38759740E+02
0,1668617069.1054688,+1.38758180E+02
0,1668617069.5439453,+1.38757340E+02
0,1668617069.9833984,+1.38759740E+02
0,1668617070.4257812,+1.38756720E+02
0,1668617070.8642578,+1.38757240E+02
0,1668617071.3027344,+1.38755580E+02
0,1668617071.7421875,+1.38757870E+02
0,1668617072.1777344,+1.38760780E+02
0,1668617072.6230469,+1.38760670E+02
0,1668617073.0625,+1.38762230E+02
0,1668617073.5029297,+1.38760780E+02
0,1668617073.944336,+1.38760880E+02
0,1668617074.3867188,+1.38759110E+02
0,1668617074.8271482,+1.38757030E+02
0,1668617075.2636719,+1.38756410E+02
0,1668617075.703125,+1.38755580E+02
0,1668617076.1435544,+1.38755580E+02
0,1668617076.5830078,+1.38755580E+02
0,1668617077.024414,+1.38759950E+02
0,1668617077.4707031,+1.38756510E+02
0,1668617077.9111326,+1.38757550E+02
0,1668617078.3496091,+1.38757760E+02
0,1668617078.7910156,+1.38759010E+02
0,1668617079.234375,+1.38760780E+02
0,1668617079.6728516,+1.38759110E+02
0,1668617080.111328,+1.38762230E+02
0,1668617080.5556638,+1.38757030E+02
0,1668617080.9941406,+1.38758800E+02
0,1668617081.4335935,+1.38756930E+02
0,1668617081.878906,+1.38756410E+02
0,1668617082.3203125,+1.38758390E+02
0,1668617082.7578125,+1.38760470E+02
0,1668617083.1972656,+1.38760670E+02
0,1668617083.6357422,+1.38758800E+02
0,1668617084.0722656,+1.38758490E+02
0,1668617084.508789,+1.38763590E+02
0,1668617084.9511719,+1.38760670E+02
0,1668617085.3886716,+1.38758700E+02
0,1668617085.828125,+1.38752560E+02
0,1668617086.2666016,+1.38757970E+02
0,1668617086.703125,+1.38760050E+02
0,1668617087.1425781,+1.38756930E+02
0,1668617087.582031,+1.38759630E+02
0,1668617088.015625,+1.38757450E+02
0,1668617088.4521484,+1.38759740E+02
0,1668617088.8925781,+1.38756720E+02
0,1668617089.3320312,+1.38755160E+02
0,1668617089.7724607,+1.38757660E+02
0,1668617090.2167966,+1.38758070E+02
0,1668617090.65625,+1.38755370E+02
0,1668617091.0966797,+1.38758800E+02
0,1668617091.5390625,+1.38760360E+02
0,1668617091.9804688,+1.38763590E+02
0,1668617092.4199219,+1.38764310E+02
0,1668617092.8662107,+1.38755780E+02
0,1668617093.305664,+1.38758390E+02
0,1668617093.7421875,+1.38760470E+02
0,1668617094.1816406,+1.38768790E+02
0,1668617094.6220703,+1.38761710E+02
0,1668617095.0605469,+1.38758280E+02
0,1668617095.4980466,+1.38754330E+02
0,1668617095.9384766,+1.38762440E+02
0,1668617096.378906,+1.38755580E+02
0,1668617096.8154297,+1.38754120E+02
0,1668617097.2558591,+1.38757660E+02
0,1668617097.696289,+1.38760050E+02
0,1668617098.1357422,+1.38759840E+02
0,1668617098.5761719,+1.38757870E+02
0,1668617099.0185547,+1.38760050E+02
0,1668617099.4589841,+1.38768890E+02
0,1668617099.8964844,+1.38764830E+02
0,1668617100.3369138,+1.38760990E+02
0,1668617100.7792969,+1.38758070E+02
0,1668617101.2158203,+1.38758800E+02
0,1668617101.6601562,+1.38760260E+02
0,1668617102.1015627,+1.38759740E+02
0,1668617102.5458984,+1.38753810E+02
0,1668617102.9873047,+1.38763590E+02
0,1668617103.4267578,+1.38759430E+02
0,1668617103.8671875,+1.38759530E+02
0,1668617104.307617,+1.38753910E+02
0,1668617104.7519531,+1.38755260E+02
0,1668617105.194336,+1.38761710E+02
0,1668617105.6367185,+1.38760570E+02
0,1668617106.0751953,+1.38755890E+02
0,1668617106.515625,+1.38757760E+02
0,1668617106.9521484,+1.38758590E+02
0,1668617107.3896484,+1.38758070E+02
0,1668617107.8261719,+1.38757970E+02
0,1668617108.2617188,+1.38757030E+02
0,1668617108.7011716,+1.38757760E+02
0,1668617109.1376953,+1.38759430E+02
0,1668617109.5751953,+1.38756720E+02
0,1668617110.0136716,+1.38755680E+02
0,1668617110.4541016,+1.38757550E+02
0,1668617110.8935547,+1.38760150E+02
0,1668617111.3359375,+1.38755580E+02
0,1668617111.7753906,+1.38755160E+02
0,1668617112.2177732,+1.38759740E+02
0,1668617112.65625,+1.38757450E+02
0,1668617113.0957031,+1.38754020E+02
0,1668617113.5341797,+1.38758180E+02
0,1668617113.977539,+1.38754850E+02
0,1668617114.421875,+1.38752770E+02
0,1668617114.8652341,+1.38758800E+02
0,1668617115.3027344,+1.38762340E+02
0,1668617115.7441406,+1.38759950E+02
0,1668617116.1845703,+1.38759950E+02
0,1668617116.6269531,+1.38766080E+02
0,1668617117.0664062,+1.38767120E+02
0,1668617117.510742,+1.38761710E+02
0,1668617117.9462888,+1.38764940E+02
0,1668617118.3828125,+1.38763900E+02
0,1668617118.821289,+1.38761710E+02
0,1668617119.2626953,+1.38756620E+02
0,1668617119.7021484,+1.38758490E+02
0,1668617120.1376953,+1.38758700E+02
0,1668617120.5800781,+1.38756510E+02
0,1668617121.0195312,+1.38760670E+02
0,1668617121.4609375,+1.38760150E+02
0,1668617121.9042966,+1.38760990E+02
0,1668617122.3388672,+1.38758910E+02
0,1668617122.7822263,+1.38759530E+02
0,1668617123.21875,+1.38757760E+02
0,1668617123.6591794,+1.38759840E+02
0,1668617124.100586,+1.38760150E+02
0,1668617124.5410156,+1.38759630E+02
0,1668617124.9833984,+1.38762230E+02
0,1668617125.4248047,+1.38761400E+02
0,1668617125.8632812,+1.38763380E+02
0,1668617126.305664,+1.38759430E+02
0,1668617126.7470703,+1.38761710E+02
0,1668617127.1875,+1.38765350E+02
0,1668617127.625,+1.38764940E+02
0,1668617128.0605469,+1.38762750E+02
0,1668617128.4980466,+1.38761190E+02
0,1668617128.9335935,+1.38755780E+02
0,1668617129.3740234,+1.38755160E+02
0,1668617129.8154297,+1.38751940E+02
0,1668617130.2539062,+1.38757450E+02
0,1668617130.6933594,+1.38756930E+02
0,1668617131.1386719,+1.38754740E+02
0,1668617131.5751953,+1.38755160E+02
0,1668617132.0136716,+1.38754850E+02
0,1668617132.4550781,+1.38757550E+02
0,1668617132.8916013,+1.38756200E+02
0,1668617133.3320312,+1.38756620E+02
0,1668617133.7763672,+1.38760050E+02
0,1668617134.21875,+1.38765670E+02
0,1668617134.6552734,+1.38760880E+02
0,1668617135.0957031,+1.38764520E+02
0,1668617135.5351562,+1.38761510E+02
0,1668617135.972656,+1.38754640E+02
0,1668617136.413086,+1.38758070E+02
0,1668617136.850586,+1.38756100E+02
0,1668617137.291992,+1.38754740E+02
0,1668617137.7285156,+1.38757030E+02
0,1668617138.1679688,+1.38756720E+02
0,1668617138.6074216,+1.38757760E+02
0,1668617139.0498044,+1.38760990E+02
0,1668617139.491211,+1.38761510E+02
0,1668617139.9316406,+1.38760470E+02
0,1668617140.3740234,+1.38761300E+02
0,1668617140.8134766,+1.38759220E+02
0,1668617141.2539062,+1.38762030E+02
0,1668617141.694336,+1.38763380E+02
0,1668617142.1347656,+1.38759840E+02
0,1668617142.5751953,+1.38758700E+02
0,1668617143.017578,+1.38761820E+02
0,1668617143.4570312,+1.38759630E+02
0,1668617143.8964844,+1.38755990E+02
0,1668617144.3398435,+1.38760780E+02
0,1668617144.7763672,+1.38761400E+02
0,1668617145.2167966,+1.38765040E+02
0,1668617145.6552734,+1.38761820E+02
0,1668617146.0957031,+1.38764110E+02
0,1668617146.5351562,+1.38762130E+02
0,1668617146.9707031,+1.38756820E+02
0,1668617147.40625,+1.38756820E+02
0,1668617147.8486328,+1.38756820E+02
0,1668617148.2871094,+1.38756200E+02
0,1668617148.7246094,+1.38753910E+02
0,1668617149.165039,+1.38754740E+02
0,1668617149.6083984,+1.38759630E+02
0,1668617150.0458984,+1.38758490E+02
0,1668617150.4853513,+1.38758590E+02
0,1668617150.9238281,+1.38756300E+02
0,1668617151.3662107,+1.38758590E+02
0,1668617151.8066406,+1.38760260E+02
0,1668617152.2441406,+1.38762550E+02
0,1668617152.6835938,+1.38760150E+02
0,1668617153.1210938,+1.38759840E+02
0,1668617153.55957,+1.38763170E+02
0,1668617154.0009763,+1.38759430E+02
0,1668617154.4384766,+1.38758590E+02
0,1668617154.8828125,+1.38753910E+02
0,1668617155.323242,+1.38753600E+02
0,1668617155.765625,+1.38755680E+02
0,1668617156.203125,+1.38755890E+02
0,1668617156.6455078,+1.38753910E+02
0,1668617157.0859375,+1.38759220E+02
0,1668617157.5253906,+1.38755780E+02
0,1668617157.9648438,+1.38759110E+02
0,1668617158.40625,+1.38758390E+02
0,1668617158.8457031,+1.38755260E+02
0,1668617159.2861328,+1.38755160E+02
0,1668617159.727539,+1.38755680E+02
0,1668617160.1669922,+1.38755680E+02
0,1668617160.6054688,+1.38760150E+02
0,1668617161.0458984,+1.38756720E+02
0,1668617161.4921875,+1.38751420E+02
0,1668617161.9316406,+1.38755160E+02
0,1668617162.3710938,+1.38756820E+02
0,1668617162.8125,+1.38759320E+02
0,1668617163.2529294,+1.38756620E+02
0,1668617163.6933594,+1.38761300E+02
0,1668617164.1357422,+1.38761300E+02
0,1668617164.5751953,+1.38759110E+02
0,1668617165.0166016,+1.38763270E+02
0,1668617165.4570312,+1.38760360E+02
0,1668617165.8964844,+1.38762550E+02
0,1668617166.3359375,+1.38762550E+02
0,1668617166.7792969,+1.38756100E+02
0,1668617167.2177732,+1.38757970E+02
0,1668617167.6611328,+1.38758180E+02
0,1668617168.0986328,+1.38756200E+02
0,1668617168.5361328,+1.38755580E+02
0,1668617168.9765625,+1.38752660E+02
0,1668617169.416992,+1.38751520E+02
0,1668617169.8544922,+1.38755060E+02
0,1668617170.2958984,+1.38753910E+02
0,1668617170.7382812,+1.38755890E+02
0,1668617171.1777344,+1.38754850E+02
0,1668617171.616211,+1.38758700E+02
0,1668617172.053711,+1.38752870E+02
0,1668617172.4902344,+1.38758070E+02
0,1668617172.9296875,+1.38759010E+02
0,1668617173.3662107,+1.38758390E+02
0,1668617173.8066406,+1.38763690E+02
0,1668617174.2460938,+1.38761090E+02
0,1668617174.6845703,+1.38761300E+02
0,1668617175.1220703,+1.38760780E+02
0,1668617175.5605469,+1.38755580E+02
0,1668617175.9960938,+1.38755680E+02
0,1668617176.4365234,+1.38754330E+02
0,1668617176.8769531,+1.38757660E+02
0,1668617177.3183594,+1.38758180E+02
0,1668617177.7558591,+1.38758590E+02
0,1668617178.1953125,+1.38757760E+02
0,1668617178.6416016,+1.38760780E+02
0,1668617179.0800781,+1.38759110E+02
0,1668617179.5214844,+1.38758070E+02
0,1668617179.9628904,+1.38759430E+02
0,1668617180.4033203,+1.38761820E+02
0,1668617180.8369138,+1.38761610E+02
0,1668617181.2841797,+1.38758070E+02
0,1668617181.7236328,+1.38756620E+02
0,1668617182.1621091,+1.38759950E+02
0,1668617182.602539,+1.38759840E+02
0,1668617183.0429685,+1.38756720E+02
0,1668617183.4853513,+1.38758490E+02
0,1668617183.928711,+1.38760150E+02
0,1668617184.3662107,+1.38763070E+02
0,1668617184.805664,+1.38759220E+02
0,1668617185.2460938,+1.38755990E+02
0,1668617185.6826172,+1.38757340E+02
0,1668617186.1259766,+1.38762130E+02
0,1668617186.5634766,+1.38760880E+02
0,1668617187.0029297,+1.38764110E+02
0,1668617187.4462888,+1.38760050E+02
0,1668617187.8857422,+1.38762340E+02
0,1668617188.3271482,+1.38761400E+02
0,1668617188.7636719,+1.38763480E+02
0,1668617189.2060547,+1.38761610E+02
0,1668617189.6445312,+1.38759010E+02
0,1668617190.0810547,+1.38759110E+02
0,1668617190.522461,+1.38759950E+02
0,1668617190.9658203,+1.38759320E+02
0,1668617191.4091797,+1.38762440E+02
0,1668617191.8486328,+1.38761820E+02
0,1668617192.290039,+1.38755990E+02
0,1668617192.734375,+1.38754740E+02
0,1668617193.171875,+1.38755680E+02
0,1668617193.611328,+1.38752660E+02
0,1668617194.0517578,+1.38752560E+02
0,1668617194.493164,+1.38757030E+02
0,1668617194.9326172,+1.38756720E+02
0,1668617195.3710938,+1.38754850E+02
0,1668617195.8125,+1.38752770E+02
0,1668617196.2539062,+1.38757870E+02
0,1668617196.6933594,+1.38756720E+02
0,1668617197.1328125,+1.38754740E+02
0,1668617197.5722654,+1.38763380E+02
0,1668617198.0078125,+1.38766080E+02
0,1668617198.4462888,+1.38765040E+02
0,1668617198.8876953,+1.38758910E+02
0,1668617199.328125,+1.38757760E+02
0,1668617199.7705078,+1.38758700E+02
0,1668617200.2080076,+1.38753390E+02
0,1668617200.6464841,+1.38750480E+02
0,1668617201.0888672,+1.38750480E+02
0,1668617201.526367,+1.38753700E+02
0,1668617201.9628904,+1.38755470E+02
0,1668617202.3964844,+1.38755680E+02
0,1668617202.8359375,+1.38754740E+02
0,1668617203.2734375,+1.38752350E+02
0,1668617203.7109375,+1.38757550E+02
0,1668617204.1513672,+1.38756930E+02
0,1668617204.5947263,+1.38759630E+02
0,1668617205.0371091,+1.38761190E+02
0,1668617205.4736328,+1.38771390E+02
0,1668617205.921875,+1.38760150E+02
0,1668617206.3603516,+1.38760880E+02
0,1668617206.7998047,+1.38754640E+02
0,1668617207.2382812,+1.38758700E+02
0,1668617207.6816406,+1.38757550E+02
0,1668617208.120117,+1.38756930E+02
0,1668617208.5566406,+1.38752560E+02
0,1668617209.0009763,+1.38758700E+02
0,1668617209.4414062,+1.38754950E+02
0,1668617209.8828125,+1.38753180E+02
0,1668617210.3222656,+1.38753700E+02
0,1668617210.7636719,+1.38756930E+02
0,1668617211.203125,+1.38759530E+02
0,1668617211.6416016,+1.38757550E+02
0,1668617212.082031,+1.38758590E+02
0,1668617212.5185547,+1.38763170E+02
0,1668617212.9589841,+1.38767020E+02
0,1668617213.3964844,+1.38770350E+02
0,1668617213.8369138,+1.38767230E+02
0,1668617214.2734375,+1.38767230E+02
0,1668617214.7089844,+1.38756510E+02
0,1668617215.1494138,+1.38757550E+02
0,1668617215.5888672,+1.38756930E+02
0,1668617216.0283203,+1.38756820E+02
0,1668617216.46875,+1.38754120E+02
0,1668617216.90625,+1.38755680E+02
0,1668617217.3457031,+1.38754220E+02
0,1668617217.7890625,+1.38757030E+02
0,1668617218.2304685,+1.38754540E+02
0,1668617218.6689453,+1.38759220E+02
0,1668617219.1083984,+1.38755470E+02
0,1668617219.5488281,+1.38757240E+02
0,1668617219.9902344,+1.38759220E+02
0,1668617220.4277344,+1.38761920E+02
0,1668617220.8623044,+1.38764730E+02
0,1668617221.3046875,+1.38760670E+02
0,1668617221.7392578,+1.38762550E+02
0,1668617222.1738281,+1.38764520E+02
0,1668617222.6083984,+1.38762860E+02
0,1668617223.0458984,+1.38765250E+02
0,1668617223.484375,+1.38759740E+02
0,1668617223.9179688,+1.38757970E+02
0,1668617224.356445,+1.38758700E+02
0,1668617224.7929688,+1.38752870E+02
0,1668617225.2373047,+1.38754430E+02
0,1668617225.6767578,+1.38755370E+02
0,1668617226.111328,+1.38754330E+02
0,1668617226.5527341,+1.38755470E+02
0,1668617226.9902344,+1.38761610E+02
0,1668617227.4316406,+1.38763590E+02
0,1668617227.8691404,+1.38759430E+02
0,1668617228.3085938,+1.38760880E+02
0,1668617228.7470703,+1.38763270E+02
0,1668617229.1865234,+1.38758390E+02
0,1668617229.6269531,+1.38757870E+02
0,1668617230.0615234,+1.38759010E+02
0,1668617230.5009763,+1.38759110E+02
0,1668617230.9394531,+1.38758390E+02
0,1668617231.378906,+1.38762550E+02
0,1668617231.8164062,+1.38757450E+02
0,1668617232.2548828,+1.38757550E+02
0,1668617232.6923828,+1.38755470E+02
0,1668617233.1337888,+1.38755370E+02
0,1668617233.5693357,+1.38761300E+02
0,1668617234.0078125,+1.38759320E+02
0,1668617234.4482422,+1.38755990E+02
0,1668617234.8857422,+1.38754950E+02
0,1668617235.323242,+1.38758390E+02
0,1668617235.7666016,+1.38755580E+02
0,1668617236.211914,+1.38754740E+02
0,1668617236.6523438,+1.38754330E+02
0,1668617237.0908203,+1.38756100E+02
0,1668617237.5322266,+1.38753700E+02
0,1668617237.9707031,+1.38753180E+02
0,1668617238.4111328,+1.38755580E+02
0,1668617238.8486328,+1.38755470E+02
0,1668617239.2929688,+1.38758490E+02
0,1668617239.734375,+1.38756510E+02
0,1668617240.1777344,+1.38751100E+02
0,1668617240.6171875,+1.38749960E+02
0,1668617241.0566406,+1.38754120E+02
0,1668617241.493164,+1.38756510E+02
0,1668617241.9316406,+1.38755470E+02
0,1668617242.3759766,+1.38759950E+02
0,1668617242.8164062,+1.38765350E+02
0,1668617243.2519531,+1.38762650E+02
0,1668617243.6855466,+1.38759530E+02
0,1668617244.1191406,+1.38759950E+02
0,1668617244.553711,+1.38759220E+02
0,1668617244.9873047,+1.38758800E+02
0,1668617245.4208982,+1.38757760E+02
0,1668617245.8544922,+1.38759010E+02
0,1668617246.288086,+1.38760050E+02
0,1668617246.7226562,+1.38761090E+02
0,1668617247.1572266,+1.38764000E+02
0,1668617247.5917966,+1.38759530E+02
0,1668617248.0253906,+1.38758590E+02
0,1668617248.459961,+1.38761510E+02
0,1668617248.894531,+1.38757660E+02
0,1668617249.3291016,+1.38757550E+02
0,1668617249.7626953,+1.38754430E+02
0,1668617250.196289,+1.38757970E+02
0,1668617250.6298828,+1.38756620E+02
0,1668617251.0634766,+1.38759530E+02
0,1668617251.4970703,+1.38763590E+02
0,1668617251.9316406,+1.38769830E+02
0,1668617252.3652341,+1.38760050E+02
0,1668617252.7988281,+1.38755680E+02
0,1668617253.2333982,+1.38758490E+02
0,1668617253.6660154,+1.38757340E+02
0,1668617254.100586,+1.38756820E+02
0,1668617254.5341797,+1.38757030E+02
0,1668617254.9677734,+1.38756100E+02
0,1668617255.401367,+1.38756720E+02
0,1668617255.8359375,+1.38757660E+02
0,1668617256.2695312,+1.38762130E+02
0,1668617256.7021484,+1.38759320E+02
0,1668617257.1367185,+1.38759840E+02
0,1668617257.5703125,+1.38762960E+02
0,1668617258.0039062,+1.38757970E+02
0,1668617258.4404294,+1.38761090E+02
0,1668617258.8847656,+1.38755060E+02
0,1668617259.321289,+1.38755780E+02
0,1668617259.7607422,+1.38760470E+02
0,1668617260.1972656,+1.38760360E+02
0,1668617260.631836,+1.38760670E+02
0,1668617261.0654294,+1.38768890E+02
0,1668617261.5,+1.38762230E+02
0,1668617261.9335935,+1.38759740E+02
0,1668617262.368164,+1.38763900E+02
0,1668617262.807617,+1.38766810E+02
0,1668617263.2480469,+1.38765040E+02
0,1668617263.6884763,+1.38762750E+02
0,1668617264.1279297,+1.38756510E+02
0,1668617264.5703125,+1.38760360E+02
0,1668617265.0126953,+1.38758910E+02
0,1668617265.4501953,+1.38755580E+02
0,1668617265.8916013,+1.38756930E+02
0,1668617266.3330078,+1.38755890E+02
0,1668617266.7705078,+1.38759740E+02
0,1668617267.209961,+1.38761300E+02
0,1668617267.6464841,+1.38758910E+02
0,1668617268.0859375,+1.38759950E+02
0,1668617268.526367,+1.38757140E+02
0,1668617268.9648438,+1.38759320E+02
0,1668617269.4072266,+1.38757660E+02
0,1668617269.84375,+1.38757660E+02
0,1668617270.2822263,+1.38759110E+02
0,1668617270.7216797,+1.38763270E+02
0,1668617271.1591794,+1.38756410E+02
0,1668617271.5996094,+1.38757970E+02
0,1668617272.0371091,+1.38758590E+02
0,1668617272.4853513,+1.38754850E+02
0,1668617272.9267578,+1.38757970E+02
0,1668617273.3691404,+1.38757140E+02
0,1668617273.8095703,+1.38756510E+02
0,1668617274.2470703,+1.38758280E+02
0,1668617274.6835938,+1.38758590E+02
0,1668617275.1298828,+1.38758700E+02
0,1668617275.5703125,+1.38758800E+02
0,1668617276.0097656,+1.38762340E+02
0,1668617276.4472656,+1.38765250E+02
0,1668617276.8876953,+1.38761820E+02
0,1668617277.3271482,+1.38756300E+02
0,1668617277.7666016,+1.38755780E+02
0,1668617278.2070312,+1.38755060E+02
0,1668617278.6484375,+1.38759530E+02
0,1668617279.086914,+1.38758180E+02
0,1668617279.526367,+1.38762130E+02
0,1668617279.96875,+1.38759630E+02
0,1668617280.4042966,+1.38756510E+02
0,1668617280.84375,+1.38757760E+02
0,1668617281.2773438,+1.38756620E+02
0,1668617281.71875,+1.38753290E+02
0,1668617282.15625,+1.38757140E+02
0,1668617282.5966797,+1.38758070E+02
0,1668617283.0390625,+1.38756510E+02
0,1668617283.4804688,+1.38757870E+02
0,1668617283.9228516,+1.38762860E+02
0,1668617284.3632812,+1.38765980E+02
0,1668617284.8027344,+1.38764830E+02
0,1668617285.2402341,+1.38761190E+02
0,1668617285.6796875,+1.38758280E+02
0,1668617286.1171875,+1.38760260E+02
0,1668617286.55957,+1.38761300E+02
0,1668617287.0009763,+1.38761610E+02
0,1668617287.4423828,+1.38758280E+02
0,1668617287.8847656,+1.38759530E+02
0,1668617288.323242,+1.38759220E+02
0,1668617288.7597654,+1.38757240E+02
0,1668617289.2001953,+1.38755990E+02
0,1668617289.6425781,+1.38764420E+02
0,1668617290.0830078,+1.38765350E+02
0,1668617290.526367,+1.38759010E+02
0,1668617290.9648438,+1.38763270E+02
0,1668617291.4033203,+1.38761400E+02
0,1668617291.84375,+1.38766500E+02
0,1668617292.2841797,+1.38764520E+02
0,1668617292.7236328,+1.38762440E+02
0,1668617293.1640625,+1.38762130E+02
0,1668617293.604492,+1.38760570E+02
0,1668617294.0400388,+1.38756720E+02
0,1668617294.4746094,+1.38754640E+02
0,1668617294.916992,+1.38754220E+02
0,1668617295.350586,+1.38757970E+02
0,1668617295.790039,+1.38759110E+02
0,1668617296.2324219,+1.38755680E+02
0,1668617296.671875,+1.38757030E+02
0,1668617297.109375,+1.38760780E+02
0,1668617297.5458984,+1.38759110E+02
0,1668617297.9853513,+1.38764520E+02
0,1668617298.421875,+1.38762030E+02
0,1668617298.8603516,+1.38759320E+02
0,1668617299.3007812,+1.38760990E+02
0,1668617299.7421875,+1.38763590E+02
0,1668617300.180664,+1.38764940E+02
0,1668617300.6142578,+1.38758180E+02
0,1668617301.0517578,+1.38762650E+02
0,1668617301.4921875,+1.38761300E+02
0,1668617301.9335935,+1.38765870E+02
0,1668617302.3759766,+1.38762960E+02
0,1668617302.8154297,+1.38764210E+02
0,1668617303.258789,+1.38761820E+02
0,1668617303.6953125,+1.38759950E+02
0,1668617304.1376953,+1.38756620E+02
0,1668617304.5771484,+1.38757550E+02
0,1668617305.0195312,+1.38760470E+02
0,1668617305.4580078,+1.38758070E+02
0,1668617305.9003906,+1.38760880E+02
0,1668617306.3388672,+1.38762860E+02
0,1668617306.7783203,+1.38759010E+02
0,1668617307.2167966,+1.38759530E+02
0,1668617307.65625,+1.38756820E+02
0,1668617308.0957031,+1.38755260E+02
0,1668617308.5371091,+1.38754430E+02
0,1668617308.977539,+1.38755580E+02
0,1668617309.4189453,+1.38758280E+02
0,1668617309.856445,+1.38755260E+02
0,1668617310.2978513,+1.38759320E+02
0,1668617310.7353516,+1.38756930E+02
0,1668617311.1787107,+1.38759950E+02
0,1668617311.616211,+1.38761710E+02
0,1668617312.055664,+1.38765250E+02
0,1668617312.4990234,+1.38761820E+02
0,1668617312.9384766,+1.38761190E+02
0,1668617313.3779297,+1.38762550E+02
0,1668617313.819336,+1.38760150E+02
0,1668617314.2597654,+1.38758180E+02
0,1668617314.7021484,+1.38761610E+02
0,1668617315.1396484,+1.38755780E+02
0,1668617315.5791013,+1.38760670E+02
0,1668617316.0205078,+1.38759740E+02
0,1668617316.4609375,+1.38758490E+02
0,1668617316.9003906,+1.38757140E+02
0,1668617317.3417969,+1.38760470E+02
0,1668617317.7802734,+1.38756200E+02
0,1668617318.220703,+1.38751730E+02
0,1668617318.6621091,+1.38754120E+02
0,1668617319.1015627,+1.38750270E+02
0,1668617319.5410156,+1.38754430E+02
0,1668617319.9794922,+1.38757030E+02
0,1668617320.4189453,+1.38760360E+02
0,1668617320.8583984,+1.38764520E+02
0,1668617321.2988281,+1.38765980E+02
0,1668617321.7392578,+1.38763900E+02
0,1668617322.1826172,+1.38759740E+02
0,1668617322.6240232,+1.38757870E+02
0,1668617323.0615234,+1.38756510E+02
0,1668617323.5,+1.38754950E+02
0,1668617323.9414062,+1.38755370E+02
0,1668617324.3818357,+1.38759950E+02
0,1668617324.8222656,+1.38758800E+02
0,1668617325.2646484,+1.38757970E+02
0,1668617325.7041013,+1.38758700E+02
0,1668617326.1455078,+1.38760990E+02
0,1668617326.5859375,+1.38758280E+02
0,1668617327.0273435,+1.38759010E+02
0,1668617327.4667969,+1.38758590E+02
0,1668617327.9082031,+1.38759840E+02
0,1668617328.3486328,+1.38754850E+02
0,1668617328.788086,+1.38752560E+02
0,1668617329.2285156,+1.38753080E+02
0,1668617329.6689453,+1.38748090E+02
0,1668617330.1083984,+1.38758910E+02
0,1668617330.5488281,+1.38755990E+02
0,1668617330.9863281,+1.38762750E+02
0,1668617331.421875,+1.38762750E+02
0,1668617331.8613281,+1.38762130E+02
0,1668617332.2998047,+1.38762440E+02
0,1668617332.7382812,+1.38763790E+02
0,1668617333.1826172,+1.38758180E+02
0,1668617333.6210938,+1.38763380E+02
0,1668617334.0625,+1.38761610E+02
0,1668617334.5019531,+1.38759220E+02
0,1668617334.9433591,+1.38762550E+02
0,1668617335.3818357,+1.38760570E+02
0,1668617335.8173828,+1.38761090E+02
0,1668617336.2558591,+1.38764310E+02
0,1668617336.6992188,+1.38764210E+02
0,1668617337.1376953,+1.38759950E+02
0,1668617337.5800781,+1.38761190E+02
0,1668617338.0214844,+1.38755370E+02
0,1668617338.4648438,+1.38757970E+02
0,1668617338.9042966,+1.38755060E+02
0,1668617339.3427734,+1.38758800E+02
0,1668617339.7861328,+1.38755890E+02
0,1668617340.2265625,+1.38757240E+02
0,1668617340.6679688,+1.38753700E+02
0,1668617341.1132812,+1.38755060E+02
0,1668617341.5507812,+1.38755260E+02
0,1668617341.9921875,+1.38759010E+02
0,1668617342.4316406,+1.38760570E+02
0,1668617342.8730469,+1.38753810E+02
0,1668617343.3115234,+1.38768680E+02
0,1668617343.7558591,+1.38760670E+02
0,1668617344.1923828,+1.38761920E+02
0,1668617344.6298828,+1.38761820E+02
0,1668617345.0683594,+1.38763380E+02
0,1668617345.5058594,+1.38758490E+02
0,1668617345.9462888,+1.38761610E+02
0,1668617346.3857422,+1.38759220E+02
0,1668617346.8271482,+1.38756720E+02
0,1668617347.2675781,+1.38755160E+02
0,1668617347.703125,+1.38758700E+02
0,1668617348.1464841,+1.38766290E+02
0,1668617348.5830078,+1.38762550E+02
0,1668617349.0205078,+1.38759220E+02
0,1668617349.4589841,+1.38764110E+02
0,1668617349.9033203,+1.38768890E+02
0,1668617350.3457031,+1.38760570E+02
0,1668617350.7871094,+1.38755580E+02
0,1668617351.225586,+1.38756300E+02
0,1668617351.6689453,+1.38757660E+02
0,1668617352.1083984,+1.38760150E+02
0,1668617352.5498044,+1.38759430E+02
0,1668617352.9941406,+1.38760050E+02
0,1668617353.4335935,+1.38758280E+02
0,1668617353.868164,+1.38760570E+02
0,1668617354.3134766,+1.38759530E+02
0,1668617354.7490234,+1.38758590E+02
0,1668617355.1835938,+1.38759110E+02
0,1668617355.620117,+1.38755260E+02
0,1668617356.055664,+1.38758390E+02
0,1668617356.4980466,+1.38756300E+02
0,1668617356.9335935,+1.38760260E+02
0,1668617357.3740234,+1.38757870E+02
0,1668617357.8105466,+1.38762230E+02
0,1668617358.2499998,+1.38760360E+02
0,1668617358.6875,+1.38758070E+02
0,1668617359.1289062,+1.38760990E+02
0,1668617359.5683594,+1.38757760E+02
0,1668617360.006836,+1.38758070E+02
0,1668617360.4462888,+1.38757760E+02
0,1668617360.8857422,+1.38760150E+02
0,1668617361.3251953,+1.38761190E+02
0,1668617361.7626953,+1.38759530E+02
0,1668617362.2060547,+1.38764110E+02
0,1668617362.6464841,+1.38760780E+02
0,1668617363.0917966,+1.38756510E+02
0,1668617363.53125,+1.38757240E+02
0,1668617363.9667969,+1.38758390E+02
0,1668617364.4042966,+1.38759530E+02
0,1668617364.8388672,+1.38758800E+02
0,1668617365.2929688,+1.38758180E+02
0,1668617365.7294922,+1.38758280E+02
0,1668617366.1679688,+1.38759220E+02
0,1668617366.6083984,+1.38756720E+02
0,1668617367.0498044,+1.38755060E+02
0,1668617367.488281,+1.38760880E+02
0,1668617367.928711,+1.38759010E+02
0,1668617368.3701172,+1.38755370E+02
0,1668617368.8066406,+1.38757970E+02
0,1668617369.2441406,+1.38754540E+02
0,1668617369.6855466,+1.38755370E+02
0,1668617370.125,+1.38753390E+02
0,1668617370.5634766,+1.38754740E+02
0,1668617371.0029297,+1.38756410E+02
0,1668617371.4404294,+1.38761400E+02
0,1668617371.8808594,+1.38755160E+02
0,1668617372.3222656,+1.38762960E+02
0,1668617372.7607422,+1.38764630E+02
0,1668617373.2021484,+1.38760470E+02
0,1668617373.6367185,+1.38757240E+02
0,1668617374.0800781,+1.38756820E+02
0,1668617374.5146484,+1.38754430E+02
0,1668617374.9570312,+1.38755990E+02
0,1668617375.3925781,+1.38751730E+02
0,1668617375.8291016,+1.38751730E+02
0,1668617376.2666016,+1.38756200E+02
0,1668617376.7041013,+1.38754540E+02
0,1668617377.140625,+1.38756510E+02
0,1668617377.5732422,+1.38754950E+02
0,1668617378.017578,+1.38757030E+02
0,1668617378.4560544,+1.38756100E+02
0,1668617378.8964844,+1.38754640E+02
0,1668617379.3320312,+1.38754020E+02
0,1668617379.7695312,+1.38753500E+02
0,1668617380.213867,+1.38752350E+02
0,1668617380.6484375,+1.38753290E+02
0,1668617381.0888672,+1.38749440E+02
0,1668617381.5273435,+1.38754220E+02
0,1668617381.9667969,+1.38755370E+02
0,1668617382.40625,+1.38753600E+02
0,1668617382.8447266,+1.38756200E+02
0,1668617383.2832031,+1.38760990E+02
0,1668617383.720703,+1.38758280E+02
0,1668617384.1669922,+1.38759110E+02
0,1668617384.6064453,+1.38756200E+02
0,1668617385.0458984,+1.38758390E+02
0,1668617385.4853513,+1.38758590E+02
0,1668617385.9277344,+1.38755990E+02
0,1668617386.3720703,+1.38761400E+02
0,1668617386.8125,+1.38761400E+02
0,1668617387.2509766,+1.38758490E+02
0,1668617387.6875,+1.38754330E+02
0,1668617388.1289062,+1.38754020E+02
0,1668617388.5664062,+1.38753180E+02
0,1668617389.0039062,+1.38757550E+02
0,1668617389.4482422,+1.38757760E+02
0,1668617389.8886716,+1.38756720E+02
0,1668617390.3320312,+1.38764520E+02
0,1668617390.7666016,+1.38760880E+02
0,1668617391.2109375,+1.38758280E+02
0,1668617391.647461,+1.38755990E+02
0,1668617392.084961,+1.38757340E+02
0,1668617392.524414,+1.38758070E+02
0,1668617392.9658203,+1.38757550E+02
0,1668617393.4033203,+1.38758180E+02
0,1668617393.8408203,+1.38761820E+02
0,1668617394.2832031,+1.38759220E+02
0,1668617394.7226562,+1.38759740E+02
0,1668617395.1621091,+1.38760670E+02
0,1668617395.6015627,+1.38758910E+02
0,1668617396.0439453,+1.38754740E+02
0,1668617396.4824219,+1.38754740E+02
0,1668617396.921875,+1.38762230E+02
0,1668617397.3603516,+1.38760050E+02
0,1668617397.7958984,+1.38755580E+02
0,1668617398.2353516,+1.38764940E+02
0,1668617398.675781,+1.38761610E+02
0,1668617399.1191406,+1.38764520E+02
0,1668617399.5625,+1.38762650E+02
0,1668617400.0,+1.38766600E+02
0,1668617400.4365234,+1.38759530E+02
0,1668617400.875,+1.38761820E+02
0,1668617401.3154297,+1.38762960E+02
0,1668617401.756836,+1.38762130E+02
0,1668617402.1972656,+1.38759740E+02
0,1668617402.6376953,+1.38760260E+02
0,1668617403.0742188,+1.38759840E+02
0,1668617403.5126953,+1.38758700E+02
0,1668617403.9511719,+1.38760470E+02
0,1668617404.3876953,+1.38760780E+02
0,1668617404.8291016,+1.38757030E+02
0,1668617405.2724607,+1.38763380E+02
0,1668617405.7148438,+1.38764210E+02
0,1668617406.1513672,+1.38760570E+02
0,1668617406.5927734,+1.38760670E+02
0,1668617407.03125,+1.38759950E+02
0,1668617407.4697266,+1.38759840E+02
0,1668617407.90625,+1.38761820E+02
0,1668617408.3466794,+1.38759530E+02
0,1668617408.7871094,+1.38760990E+02
0,1668617409.2246094,+1.38770970E+02
0,1668617409.665039,+1.38761300E+02
0,1668617410.1015627,+1.38759530E+02
0,1668617410.5410156,+1.38756300E+02
0,1668617410.9794922,+1.38763270E+02
0,1668617411.4179688,+1.38760670E+02
0,1668617411.859375,+1.38763590E+02
0,1668617412.296875,+1.38759110E+02
0,1668617412.7392578,+1.38762750E+02
0,1668617413.1777344,+1.38759630E+02
0,1668617413.620117,+1.38760990E+02
0,1668617414.0625,+1.38757240E+02
0,1668617414.5039062,+1.38767540E+02
0,1668617414.9472656,+1.38762440E+02
0,1668617415.3857422,+1.38763270E+02
0,1668617415.8271482,+1.38760260E+02
0,1668617416.2636719,+1.38757550E+02
0,1668617416.7021484,+1.38760780E+02
0,1668617417.1435544,+1.38760990E+02
0,1668617417.584961,+1.38765560E+02
0,1668617418.022461,+1.38759010E+02
0,1668617418.4570312,+1.38757140E+02
0,1668617418.8964844,+1.38757760E+02
0,1668617419.3369138,+1.38757240E+02
0,1668617419.7714844,+1.38754330E+02
0,1668617420.2148438,+1.38755680E+02
0,1668617420.6572266,+1.38756930E+02
0,1668617421.0966797,+1.38757340E+02
0,1668617421.5390625,+1.38757970E+02
0,1668617421.9785156,+1.38757760E+02
0,1668617422.416992,+1.38753390E+02
0,1668617422.856445,+1.38755370E+02
0,1668617423.2958984,+1.38757550E+02
0,1668617423.7353516,+1.38754850E+02
0,1668617424.1748044,+1.38756410E+02
0,1668617424.6103516,+1.38755780E+02
0,1668617425.0566406,+1.38754740E+02
0,1668617425.4960938,+1.38759220E+02
0,1668617425.9384766,+1.38754540E+02
0,1668617426.3818357,+1.38754740E+02
0,1668617426.8222656,+1.38756100E+02
0,1668617427.2617188,+1.38758800E+02
0,1668617427.7011716,+1.38757660E+02
0,1668617428.140625,+1.38762130E+02
0,1668617428.5761719,+1.38758070E+02
0,1668617429.010742,+1.38764210E+02
0,1668617429.4541016,+1.38761820E+02
0,1668617429.8916013,+1.38759530E+02
0,1668617430.3320312,+1.38758280E+02
0,1668617430.7695312,+1.38758390E+02
0,1668617431.2089844,+1.38759220E+02
0,1668617431.6484375,+1.38760150E+02
0,1668617432.0859375,+1.38757140E+02
0,1668617432.5253906,+1.38757970E+02
0,1668617432.9658203,+1.38757550E+02
0,1668617433.4042966,+1.38762440E+02
0,1668617433.8486328,+1.38757340E+02
0,1668617434.2861328,+1.38760360E+02
0,1668617434.720703,+1.38759430E+02
0,1668617435.1611328,+1.38756100E+02
0,1668617435.5996094,+1.38756100E+02
0,1668617436.0390625,+1.38759840E+02
0,1668617436.4814453,+1.38758700E+02
0,1668617436.9248047,+1.38758490E+02
0,1668617437.3642578,+1.38762650E+02
0,1668617437.8027344,+1.38757340E+02
0,1668617438.2431638,+1.38755580E+02
0,1668617438.6796875,+1.38760360E+02
0,1668617439.120117,+1.38758590E+02
0,1668617439.55957,+1.38757240E+02
0,1668617440.0029297,+1.38751210E+02
0,1668617440.444336,+1.38753810E+02
0,1668617440.8867188,+1.38763900E+02
0,1668617441.3271482,+1.38759220E+02
0,1668617441.7695312,+1.38762340E+02
0,1668617442.2109375,+1.38757030E+02
0,1668617442.6503906,+1.38757550E+02
0,1668617443.0917966,+1.38758590E+02
0,1668617443.5273435,+1.38762340E+02
0,1668617443.9648438,+1.38763380E+02
0,1668617444.4033203,+1.38760780E+02
0,1668617444.8417969,+1.38760470E+02
0,1668617445.2841797,+1.38760780E+02
0,1668617445.7216797,+1.38759530E+02
0,1668617446.1621091,+1.38758490E+02
0,1668617446.6015627,+1.38757140E+02
0,1668617447.0361328,+1.38759840E+02
0,1668617447.4765625,+1.38757450E+02
0,1668617447.9160156,+1.38756100E+02
0,1668617448.3544922,+1.38757870E+02
0,1668617448.796875,+1.38760470E+02
0,1668617449.2363281,+1.38760990E+02
0,1668617449.6748044,+1.38760990E+02
0,1668617450.1123047,+1.38757030E+02
0,1668617450.5527341,+1.38755370E+02
0,1668617450.991211,+1.38758800E+02
0,1668617451.4267578,+1.38752870E+02
0,1668617451.8662107,+1.38747770E+02
0,1668617452.3066406,+1.38752140E+02
0,1668617452.7480469,+1.38759630E+02
0,1668617453.1845703,+1.38757760E+02
0,1668617453.625,+1.38760880E+02
0,1668617454.0673828,+1.38755580E+02
0,1668617454.5029297,+1.38759110E+02
0,1668617454.9365234,+1.38758280E+02
0,1668617455.3730469,+1.38753600E+02
0,1668617455.8154297,+1.38754850E+02
0,1668617456.2548828,+1.38752980E+02
0,1668617456.696289,+1.38762130E+02
0,1668617457.1357422,+1.38766080E+02
0,1668617457.5761719,+1.38760670E+02
0,1668617458.015625,+1.38759430E+02
0,1668617458.4589841,+1.38758280E+02
0,1668617458.901367,+1.38757240E+02
0,1668617459.3427734,+1.38758280E+02
0,1668617459.7822263,+1.38763590E+02
0,1668617460.21875,+1.38758590E+02
0,1668617460.6552734,+1.38755680E+02
0,1668617461.0976562,+1.38759530E+02
0,1668617461.5371091,+1.38763590E+02
0,1668617461.977539,+1.38763790E+02
0,1668617462.415039,+1.38765150E+02
0,1668617462.8525388,+1.38759220E+02
0,1668617463.2910156,+1.38762960E+02
0,1668617463.7314453,+1.38764520E+02
0,1668617464.175781,+1.38758700E+02
0,1668617464.6171875,+1.38759630E+02
0,1668617465.0576172,+1.38755680E+02
0,1668617465.495117,+1.38758280E+02
0,1668617465.9326172,+1.38762030E+02
0,1668617466.3701172,+1.38756620E+02
0,1668617466.8085938,+1.38755470E+02
0,1668617467.2470703,+1.38757660E+02
0,1668617467.6884763,+1.38752040E+02
0,1668617468.1308594,+1.38754220E+02
0,1668617468.5673828,+1.38757450E+02
0,1668617469.0058594,+1.38759320E+02
0,1668617469.4453125,+1.38759530E+02
0,1668617469.8847656,+1.38756930E+02
0,1668617470.3242185,+1.38758700E+02
0,1668617470.765625,+1.38758910E+02
0,1668617471.2080076,+1.38755990E+02
0,1668617471.647461,+1.38755370E+02
0,1668617472.0888672,+1.38757760E+02
0,1668617472.5273435,+1.38758280E+02
0,1668617472.9707031,+1.38756720E+02
0,1668617473.4101562,+1.38759530E+02
0,1668617473.8535156,+1.38753910E+02
0,1668617474.290039,+1.38758180E+02
0,1668617474.7285156,+1.38757660E+02
0,1668617475.1689453,+1.38755370E+02
0,1668617475.609375,+1.38756100E+02
0,1668617476.0498044,+1.38751520E+02
0,1668617476.4892578,+1.38747570E+02
0,1668617476.9326172,+1.38754950E+02
0,1668617477.3662107,+1.38750270E+02
0,1668617477.8027344,+1.38754950E+02
0,1668617478.241211,+1.38752560E+02
0,1668617478.6787107,+1.38753600E+02
0,1668617479.1210938,+1.38756930E+02
0,1668617479.55957,+1.38760150E+02
0,1668617479.9980466,+1.38759950E+02
0,1668617480.4404294,+1.38755160E+02
0,1668617480.878906,+1.38755470E+02
0,1668617481.3164062,+1.38756720E+02
0,1668617481.756836,+1.38755260E+02
0,1668617482.1972656,+1.38753910E+02
0,1668617482.640625,+1.38752770E+02
0,1668617483.082031,+1.38755160E+02
0,1668617483.5234375,+1.38752460E+02
0,1668617483.9648438,+1.38749230E+02
0,1668617484.40625,+1.38747570E+02
0,1668617484.8457031,+1.38756510E+02
0,1668617485.2841797,+1.38752560E+02
0,1668617485.7236328,+1.38753390E+02
0,1668617486.1640625,+1.38752980E+02
0,1668617486.5996094,+1.38755780E+02
0,1668617487.038086,+1.38752770E+02
0,1668617487.4804688,+1.38757140E+02
0,1668617487.9267578,+1.38756200E+02
0,1668617488.368164,+1.38754740E+02
0,1668617488.807617,+1.38751830E+02
0,1668617489.2451172,+1.38756100E+02
0,1668617489.6855466,+1.38756410E+02
0,1668617490.125,+1.38758590E+02
0,1668617490.5664062,+1.38758910E+02
0,1668617491.0019531,+1.38756720E+02
0,1668617491.4423828,+1.38755370E+02
0,1668617491.8818357,+1.38757450E+02
0,1668617492.321289,+1.38755580E+02
0,1668617492.7607422,+1.38755470E+02
0,1668617493.1992188,+1.38752140E+02
0,1668617493.6337888,+1.38749750E+02
0,1668617494.0683594,+1.38757240E+02
0,1668617494.506836,+1.38757660E+02
0,1668617494.9492188,+1.38756930E+02
0,1668617495.3896484,+1.38754950E+02
0,1668617495.8261719,+1.38752870E+02
0,1668617496.2646484,+1.38757760E+02
0,1668617496.7070312,+1.38755260E+02
0,1668617497.1464841,+1.38756820E+02
0,1668617497.5878906,+1.38756620E+02
0,1668617498.026367,+1.38749230E+02
0,1668617498.4667969,+1.38754120E+02
0,1668617498.9072266,+1.38754740E+02
0,1668617499.3486328,+1.38752350E+02
0,1668617499.7910156,+1.38751520E+02
0,1668617500.2294922,+1.38750480E+02
0,1668617500.6708984,+1.38754020E+02
0,1668617501.111328,+1.38751520E+02
0,1668617501.5517578,+1.38752140E+02
0,1668617501.991211,+1.38752350E+02
0,1668617502.4306638,+1.38756300E+02
0,1668617502.8701172,+1.38754540E+02
0,1668617503.3095703,+1.38754540E+02
0,1668617503.7500002,+1.38757240E+02
0,1668617504.1923828,+1.38751000E+02
0,1668617504.6308594,+1.38758490E+02
0,1668617505.0703125,+1.38757870E+02
0,1668617505.515625,+1.38752870E+02
0,1668617505.9560544,+1.38756300E+02
0,1668617506.3896484,+1.38755680E+02
0,1668617506.8300781,+1.38754430E+02
0,1668617507.2675781,+1.38752980E+02
0,1668617507.709961,+1.38758180E+02
0,1668617508.147461,+1.38757140E+02
0,1668617508.5859375,+1.38762550E+02
0,1668617509.0253906,+1.38760780E+02
0,1668617509.4648438,+1.38755470E+02
0,1668617509.9082031,+1.38754220E+02
0,1668617510.350586,+1.38757760E+02
0,1668617510.7939453,+1.38760050E+02
0,1668617511.2314453,+1.38758590E+02
0,1668617511.6777344,+1.38757140E+02
0,1668617512.1191406,+1.38763900E+02
0,1668617512.5546875,+1.38756100E+02
0,1668617512.995117,+1.38758070E+02
0,1668617513.4345703,+1.38758070E+02
0,1668617513.8740234,+1.38757760E+02
0,1668617514.3125,+1.38758910E+02
0,1668617514.7500002,+1.38755470E+02
0,1668617515.194336,+1.38759430E+02
0,1668617515.631836,+1.38756300E+02
0,1668617516.0683594,+1.38756100E+02
0,1668617516.5078125,+1.38753080E+02
0,1668617516.9453125,+1.38753290E+02
0,1668617517.3847656,+1.38754120E+02
0,1668617517.8261719,+1.38752140E+02
0,1668617518.2636719,+1.38750690E+02
0,1668617518.7011716,+1.38756620E+02
0,1668617519.1396484,+1.38754640E+02
0,1668617519.5800781,+1.38756930E+02
0,1668617520.0195312,+1.38757550E+02
0,1668617520.4550781,+1.38756720E+02
0,1668617520.890625,+1.38753290E+02
0,1668617521.3359375,+1.38752140E+02
0,1668617521.774414,+1.38753810E+02
0,1668617522.2089844,+1.38752460E+02
0,1668617522.65332,+1.38752560E+02
0,1668617523.0917966,+1.38758590E+02
0,1668617523.5341797,+1.38754330E+02
0,1668617523.9755857,+1.38757760E+02
0,1668617524.4208982,+1.38759740E+02
0,1668617524.8603516,+1.38757550E+02
0,1668617525.3007812,+1.38760150E+02
0,1668617525.741211,+1.38759430E+02
0,1668617526.1826172,+1.38755680E+02
0,1668617526.6220703,+1.38755160E+02
0,1668617527.0644531,+1.38753910E+02
0,1668617527.5048826,+1.38751940E+02
0,1668617527.944336,+1.38753290E+02
0,1668617528.3857422,+1.38751730E+02
0,1668617528.821289,+1.38757140E+02
0,1668617529.2597654,+1.38753080E+02
0,1668617529.698242,+1.38752770E+02
0,1668617530.140625,+1.38751830E+02
0,1668617530.5800781,+1.38754120E+02
0,1668617531.0195312,+1.38759220E+02
0,1668617531.459961,+1.38757970E+02
0,1668617531.897461,+1.38762960E+02
0,1668617532.3369138,+1.38758490E+02
0,1668617532.774414,+1.38759740E+02
0,1668617533.2158203,+1.38759220E+02
0,1668617533.6542969,+1.38759220E+02
0,1668617534.09375,+1.38753390E+02
0,1668617534.5351562,+1.38755470E+02
0,1668617534.9746094,+1.38751420E+02
0,1668617535.416992,+1.38749540E+02
0,1668617535.859375,+1.38749650E+02
0,1668617536.303711,+1.38751210E+02
0,1668617536.7441406,+1.38753910E+02
0,1668617537.1796875,+1.38756930E+02
0,1668617537.6132812,+1.38755160E+02
0,1668617538.0517578,+1.38758800E+02
0,1668617538.491211,+1.38756820E+02
0,1668617538.928711,+1.38763900E+02
0,1668617539.3652341,+1.38768370E+02
0,1668617539.8027344,+1.38762130E+02
0,1668617540.2431638,+1.38760150E+02
0,1668617540.6826172,+1.38764000E+02
0,1668617541.120117,+1.38761400E+02
0,1668617541.5615234,+1.38757340E+02
0,1668617541.9980466,+1.38752560E+02
0,1668617542.4365234,+1.38756410E+02
0,1668617542.8730469,+1.38754950E+02
0,1668617543.3164062,+1.38756820E+02
0,1668617543.7578125,+1.38755680E+02
0,1668617544.1972656,+1.38751620E+02
0,1668617544.6376953,+1.38755160E+02
0,1668617545.0791013,+1.38753910E+02
0,1668617545.5214844,+1.38754020E+02
0,1668617545.961914,+1.38755260E+02
0,1668617546.3955078,+1.38758180E+02
0,1668617546.834961,+1.38756100E+02
0,1668617547.2714844,+1.38754330E+02
0,1668617547.7109375,+1.38756510E+02
0,1668617548.1484375,+1.38761710E+02
0,1668617548.5908203,+1.38758180E+02
0,1668617549.0302732,+1.38754850E+02
0,1668617549.4667969,+1.38750270E+02
0,1668617549.90625,+1.38750790E+02
0,1668617550.34375,+1.38750170E+02
0,1668617550.7841797,+1.38755890E+02
0,1668617551.225586,+1.38751620E+02
0,1668617551.6669922,+1.38750690E+02
0,1668617552.1083984,+1.38751620E+02
0,1668617552.5498044,+1.38749230E+02
0,1668617552.993164,+1.38754220E+02
0,1668617553.4365234,+1.38755580E+02
0,1668617553.875,+1.38758390E+02
0,1668617554.3154297,+1.38751210E+02
0,1668617554.756836,+1.38755160E+02
0,1668617555.194336,+1.38754850E+02
0,1668617555.6376953,+1.38756410E+02
0,1668617556.0800781,+1.38754220E+02
0,1668617556.517578,+1.38754020E+02
0,1668617556.9570312,+1.38754430E+02
0,1668617557.397461,+1.38751420E+02
0,1668617557.8408203,+1.38753600E+02
0,1668617558.28125,+1.38750900E+02
0,1668617558.71875,+1.38751310E+02
0,1668617559.1582031,+1.38752040E+02
0,1668617559.5966797,+1.38757450E+02
0,1668617560.0332031,+1.38757870E+02
0,1668617560.472656,+1.38756300E+02
0,1668617560.913086,+1.38752870E+02
0,1668617561.3486328,+1.38762130E+02
0,1668617561.7861328,+1.38761710E+02
0,1668617562.227539,+1.38753290E+02
0,1668617562.6660154,+1.38757340E+02
0,1668617563.104492,+1.38753810E+02
0,1668617563.5429685,+1.38759010E+02
0,1668617563.9804688,+1.38756200E+02
0,1668617564.4208982,+1.38760470E+02
0,1668617564.8574219,+1.38757030E+02
0,1668617565.2998047,+1.38758280E+02
0,1668617565.7402341,+1.38754850E+02
0,1668617566.1835938,+1.38754120E+02
0,1668617566.625,+1.38753500E+02
0,1668617567.05957,+1.38751210E+02
0,1668617567.5009763,+1.38756200E+02
0,1668617567.9384766,+1.38767020E+02
0,1668617568.3779297,+1.38759320E+02
0,1668617568.8173828,+1.38756410E+02
0,1668617569.2558591,+1.38758280E+02
0,1668617569.696289,+1.38758180E+02
0,1668617570.1376953,+1.38752040E+02
0,1668617570.5761719,+1.38753700E+02
0,1668617571.0146484,+1.38750900E+02
0,1668617571.4521484,+1.38757030E+02
0,1668617571.890625,+1.38758390E+02
0,1668617572.3320312,+1.38762650E+02
0,1668617572.7705078,+1.38760470E+02
0,1668617573.2089844,+1.38757870E+02
0,1668617573.6494138,+1.38756300E+02
0,1668617574.0908203,+1.38761190E+02
0,1668617574.5273435,+1.38755890E+02
0,1668617574.9658203,+1.38757240E+02
0,1668617575.4033203,+1.38753700E+02
0,1668617575.8427734,+1.38749650E+02
0,1668617576.2832031,+1.38748710E+02
0,1668617576.7216797,+1.38751310E+02
0,1668617577.1582031,+1.38751000E+02
0,1668617577.6015627,+1.38744450E+02
0,1668617578.0390625,+1.38751520E+02
0,1668617578.4785156,+1.38750170E+02
0,1668617578.9189453,+1.38753600E+02
0,1668617579.3554688,+1.38750170E+02
0,1668617579.7910156,+1.38751520E+02
0,1668617580.227539,+1.38751420E+02
0,1668617580.6669922,+1.38755160E+02
0,1668617581.1054688,+1.38758590E+02
0,1668617581.5517578,+1.38754220E+02
0,1668617581.9941406,+1.38749860E+02
0,1668617582.4355469,+1.38751520E+02
0,1668617582.878906,+1.38757660E+02
0,1668617583.3203125,+1.38752870E+02
0,1668617583.7617188,+1.38755060E+02
0,1668617584.2001953,+1.38755990E+02
0,1668617584.640625,+1.38750060E+02
0,1668617585.0800781,+1.38751310E+02
0,1668617585.5195312,+1.38751830E+02
0,1668617585.9570312,+1.38757550E+02
0,1668617586.3955078,+1.38754640E+02
0,1668617586.8339844,+1.38753390E+02
0,1668617587.2734375,+1.38753810E+02
0,1668617587.7128906,+1.38755580E+02
0,1668617588.1513672,+1.38755890E+02
0,1668617588.5898438,+1.38753180E+02
0,1668617589.0302732,+1.38753600E+02
0,1668617589.4736328,+1.38753810E+02
0,1668617589.9121094,+1.38750900E+02
0,1668617590.3515625,+1.38755470E+02
0,1668617590.790039,+1.38753290E+02
0,1668617591.2294922,+1.38756100E+02
0,1668617591.6689453,+1.38754330E+02
0,1668617592.1083984,+1.38747570E+02
0,1668617592.5458984,+1.38745170E+02
0,1668617592.9863281,+1.38749750E+02
0,1668617593.4248047,+1.38752980E+02
0,1668617593.8642578,+1.38756510E+02
0,1668617594.3027344,+1.38756510E+02
0,1668617594.7431638,+1.38753600E+02
0,1668617595.1855466,+1.38755990E+02
0,1668617595.6269531,+1.38758800E+02
0,1668617596.0683594,+1.38755060E+02
0,1668617596.5078125,+1.38757550E+02
0,1668617596.9492188,+1.38765670E+02
0,1668617597.3925781,+1.38759630E+02
0,1668617597.8320312,+1.38757140E+02
0,1668617598.2724607,+1.38756200E+02
0,1668617598.7177732,+1.38758390E+02
0,1668617599.1582031,+1.38753700E+02
0,1668617599.5957031,+1.38748920E+02
0,1668617600.0400388,+1.38754020E+02
0,1668617600.477539,+1.38754740E+02
0,1668617600.921875,+1.38752350E+02
0,1668617601.359375,+1.38749750E+02
0,1668617601.8007812,+1.38749750E+02
0,1668617602.2421875,+1.38757970E+02
0,1668617602.6816406,+1.38757660E+02
0,1668617603.1191406,+1.38757340E+02
0,1668617603.5576172,+1.38754950E+02
0,1668617603.9970703,+1.38751520E+02
0,1668617604.4355469,+1.38755160E+02
0,1668617604.875,+1.38752870E+02
0,1668617605.314453,+1.38753080E+02
0,1668617605.7529294,+1.38751210E+02
0,1668617606.1953125,+1.38755890E+02
0,1668617606.6347656,+1.38752250E+02
0,1668617607.0761719,+1.38752980E+02
0,1668617607.5166016,+1.38753810E+02
0,1668617607.9541016,+1.38751420E+02
0,1668617608.3955078,+1.38751210E+02
0,1668617608.8339844,+1.38756820E+02
0,1668617609.2734375,+1.38755370E+02
0,1668617609.7148438,+1.38756720E+02
0,1668617610.1523438,+1.38767640E+02
0,1668617610.59375,+1.38767120E+02
0,1668617611.0419922,+1.38759430E+02
0,1668617611.4833984,+1.38753180E+02
0,1668617611.916992,+1.38753390E+02
0,1668617612.3613281,+1.38754850E+02
0,1668617612.7988281,+1.38753500E+02
0,1668617613.241211,+1.38751620E+02
0,1668617613.6787107,+1.38752770E+02
0,1668617614.1240232,+1.38756410E+02
0,1668617614.5625,+1.38757760E+02
0,1668617615.0,+1.38757340E+02
0,1668617615.4404294,+1.38760050E+02
0,1668617615.8779294,+1.38758180E+02
0,1668617616.3173828,+1.38765040E+02
0,1668617616.7597654,+1.38759530E+02
0,1668617617.2021484,+1.38754430E+02
0,1668617617.6445312,+1.38753810E+02
0,1668617618.0830078,+1.38752460E+02
0,1668617618.5234375,+1.38764520E+02
0,1668617618.9628904,+1.38760990E+02
0,1668617619.4023438,+1.38759110E+02
0,1668617619.8417969,+1.38762650E+02
0,1668617620.2832031,+1.38753390E+02
0,1668617620.725586,+1.38752770E+02
0,1668617621.163086,+1.38753810E+02
0,1668617621.602539,+1.38749960E+02
0,1668617622.0410156,+1.38754540E+02
0,1668617622.4755857,+1.38754540E+02
0,1668617622.9140625,+1.38753810E+02
0,1668617623.356445,+1.38752560E+02
0,1668617623.7978513,+1.38754330E+02
0,1668617624.2363281,+1.38750900E+02
0,1668617624.6796875,+1.38755060E+02
0,1668617625.1152344,+1.38755370E+02
0,1668617625.5556638,+1.38754950E+02
0,1668617625.9921875,+1.38750790E+02
0,1668617626.4316406,+1.38748290E+02
0,1668617626.8671875,+1.38754540E+02
0,1668617627.303711,+1.38763170E+02
0,1668617627.7382812,+1.38754020E+02
0,1668617628.1767578,+1.38754020E+02
0,1668617628.6152344,+1.38759530E+02
0,1668617629.0498044,+1.38756100E+02
0,1668617629.4853513,+1.38760050E+02
0,1668617629.9228516,+1.38758390E+02
0,1668617630.3623044,+1.38762130E+02
0,1668617630.803711,+1.38757760E+02
0,1668617631.241211,+1.38758070E+02
0,1668617631.6796875,+1.38751940E+02
0,1668617632.1191406,+1.38756930E+02
0,1668617632.5605469,+1.38750900E+02
0,1668617633.0,+1.38750580E+02
0,1668617633.4365234,+1.38753290E+02
0,1668617633.8759766,+1.38751100E+02
0,1668617634.3134766,+1.38750270E+02
0,1668617634.7539062,+1.38751730E+02
0,1668617635.1933594,+1.38757450E+02
0,1668617635.6328125,+1.38757870E+02
0,1668617636.0751953,+1.38764210E+02
0,1668617636.510742,+1.38756410E+02
0,1668617636.9501953,+1.38756720E+02
0,1668617637.390625,+1.38751620E+02
0,1668617637.8330078,+1.38759950E+02
0,1668617638.274414,+1.38753290E+02
0,1668617638.7167969,+1.38755160E+02
0,1668617639.1601562,+1.38756720E+02
0,1668617639.5957031,+1.38755160E+02
0,1668617640.0322266,+1.38742260E+02
0,1668617640.4707031,+1.38748500E+02
0,1668617640.9082031,+1.38752250E+02
0,1668617641.3476562,+1.38762960E+02
0,1668617641.790039,+1.38757970E+02
0,1668617642.2324219,+1.38756100E+02
0,1668617642.671875,+1.38755990E+02
0,1668617643.1103516,+1.38757970E+02
0,1668617643.5507812,+1.38753910E+02
0,1668617643.9873047,+1.38757450E+02
0,1668617644.4277344,+1.38754430E+02
0,1668617644.8691404,+1.38751940E+02
0,1668617645.3085938,+1.38754020E+02
0,1668617645.7470703,+1.38749860E+02
0,1668617646.1855466,+1.38753910E+02
0,1668617646.6289062,+1.38751210E+02
0,1668617647.0673828,+1.38755160E+02
0,1668617647.5078125,+1.38755160E+02
0,1668617647.9511719,+1.38765150E+02
0,1668617648.3886716,+1.38766710E+02
0,1668617648.828125,+1.38758590E+02
0,1668617649.2675781,+1.38757450E+02
0,1668617649.7070312,+1.38758910E+02
0,1668617650.1464841,+1.38760150E+02
0,1668617650.5859375,+1.38757450E+02
0,1668617651.0273435,+1.38758590E+02
0,1668617651.4736328,+1.38758280E+02
0,1668617651.915039,+1.38759840E+02
0,1668617652.356445,+1.38759220E+02
0,1668617652.7958984,+1.38751210E+02
0,1668617653.234375,+1.38755060E+02
0,1668617653.6708984,+1.38756930E+02
0,1668617654.1123047,+1.38755890E+02
0,1668617654.5478516,+1.38751620E+02
0,1668617654.984375,+1.38751940E+02
0,1668617655.4228516,+1.38758070E+02
0,1668617655.8632812,+1.38752870E+02
0,1668617656.305664,+1.38754330E+02
0,1668617656.7431638,+1.38753910E+02
0,1668617657.1835938,+1.38750580E+02
0,1668617657.6240232,+1.38752460E+02
0,1668617658.0615234,+1.38756720E+02
0,1668617658.4970703,+1.38756200E+02
0,1668617658.9306638,+1.38754330E+02
0,1668617659.3710938,+1.38759840E+02
0,1668617659.8134766,+1.38762650E+02
0,1668617660.2499998,+1.38767960E+02
0,1668617660.6875,+1.38758590E+02
0,1668617661.1279297,+1.38757550E+02
0,1668617661.5673828,+1.38757970E+02
0,1668617662.0019531,+1.38755990E+02
0,1668617662.4414062,+1.38754220E+02
0,1668617662.8808594,+1.38760670E+02
0,1668617663.321289,+1.38762230E+02
0,1668617663.7626953,+1.38758800E+02
0,1668617664.2021484,+1.38757550E+02
0,1668617664.6425781,+1.38757140E+02
0,1668617665.084961,+1.38749960E+02
0,1668617665.524414,+1.38749860E+02
0,1668617665.9648438,+1.38747980E+02
0,1668617666.4072266,+1.38754950E+02
0,1668617666.8457031,+1.38758390E+02
0,1668617667.2832031,+1.38754740E+02
0,1668617667.7265625,+1.38762650E+02
0,1668617668.1660154,+1.38764110E+02
0,1668617668.604492,+1.38763070E+02
0,1668617669.0458984,+1.38759740E+02
0,1668617669.4833984,+1.38759740E+02
0,1668617669.9257812,+1.38755470E+02
0,1668617670.3632812,+1.38752140E+02
0,1668617670.8066406,+1.38766710E+02
0,1668617671.2431638,+1.38775130E+02
0,1668617671.6816406,+1.38763380E+02
0,1668617672.1230469,+1.38763590E+02
0,1668617672.5615234,+1.38758590E+02
0,1668617672.9990234,+1.38760360E+02
0,1668617673.4365234,+1.38751520E+02
0,1668617673.8769531,+1.38755060E+02
0,1668617674.314453,+1.38757550E+02
0,1668617674.7529294,+1.38756100E+02
0,1668617675.1923828,+1.38747980E+02
0,1668617675.631836,+1.38751310E+02
0,1668617676.0703125,+1.38758590E+02
0,1668617676.510742,+1.38755470E+02
0,1668617676.9492188,+1.38757970E+02
0,1668617677.3896484,+1.38755890E+02
0,1668617677.8310547,+1.38755990E+02
0,1668617678.2705078,+1.38756200E+02
0,1668617678.711914,+1.38749860E+02
0,1668617679.1484375,+1.38750480E+02
0,1668617679.586914,+1.38755890E+02
0,1668617680.03125,+1.38755780E+02
0,1668617680.4707031,+1.38752770E+02
0,1668617680.915039,+1.38748500E+02
0,1668617681.356445,+1.38751420E+02
0,1668617681.7949216,+1.38762550E+02
0,1668617682.2382812,+1.38756300E+02
0,1668617682.6787107,+1.38751000E+02
0,1668617683.118164,+1.38756820E+02
0,1668617683.5507812,+1.38755780E+02
0,1668617683.991211,+1.38765250E+02
0,1668617684.4296875,+1.38760260E+02
0,1668617684.8691404,+1.38759840E+02
0,1668617685.3095703,+1.38760150E+02
0,1668617685.7460938,+1.38754430E+02
0,1668617686.1884763,+1.38746730E+02
0,1668617686.6269531,+1.38759220E+02
0,1668617687.0654294,+1.38759740E+02
0,1668617687.5048826,+1.38749340E+02
0,1668617687.9423828,+1.38726350E+02
0,1668617688.3818357,+1.38731550E+02
0,1668617688.8291016,+1.38733840E+02
0,1668617689.2685544,+1.38696390E+02
0,1668617689.7060547,+1.38711470E+02
0,1668617690.1464841,+1.38709290E+02
0,1668617690.5878906,+1.38642810E+02
0,1668617691.0273435,+1.38665910E+02
0,1668617691.4667969,+1.38682340E+02
0,1668617691.9091797,+1.38705020E+02
0,1668617692.3496091,+1.38700240E+02
0,1668617692.790039,+1.38712200E+02
0,1668617693.2314453,+1.38709490E+02
0,1668617693.671875,+1.38715740E+02
0,1668617694.1152344,+1.38707000E+02
0,1668617694.553711,+1.38690150E+02
0,1668617694.9941406,+1.38639170E+02
0,1668617695.4355469,+1.38644170E+02
0,1668617695.8740234,+1.38644480E+02
0,1668617696.3134766,+1.38633660E+02
0,1668617696.7548828,+1.38664760E+02
0,1668617697.1933594,+1.38658000E+02
0,1668617697.6357422,+1.38665490E+02
0,1668617698.0751953,+1.38672460E+02
0,1668617698.5126953,+1.38674540E+02
0,1668617698.9511719,+1.38679740E+02
0,1668617699.3896484,+1.38683490E+02
0,1668617699.828125,+1.38689420E+02
0,1668617700.2675781,+1.38692330E+02
0,1668617700.7060547,+1.38689940E+02
0,1668617701.1503906,+1.38695970E+02
0,1668617701.5908203,+1.38696590E+02
0,1668617702.0292969,+1.38695970E+02
0,1668617702.46875,+1.38711470E+02
0,1668617702.9072266,+1.38702320E+02
0,1668617703.3476562,+1.38707310E+02
0,1668617703.788086,+1.38712930E+02
0,1668617704.2294922,+1.38720310E+02
0,1668617704.6699219,+1.38723950E+02
0,1668617705.1074216,+1.38727070E+02
0,1668617705.5517578,+1.38727490E+02
0,1668617705.9941406,+1.38735080E+02
0,1668617706.4326172,+1.38731650E+02
0,1668617706.8740234,+1.38738930E+02
0,1668617707.3115234,+1.38742160E+02
0,1668617707.7480469,+1.38743930E+02
0,1668617708.1835938,+1.38742570E+02
0,1668617708.6191406,+1.38742160E+02
0,1668617709.053711,+1.38739560E+02
0,1668617709.4892578,+1.38750380E+02
0,1668617709.9248047,+1.38749230E+02
0,1668617710.3662107,+1.38744760E+02
0,1668617710.805664,+1.38746010E+02
0,1668617711.2431638,+1.38740600E+02
0,1668617711.6826172,+1.38738100E+02
