i,t_v,tensión(V)
0,1668002348.6383917,-2.31079000E-04

0,1668002349.1583917,-2.31423000E-04

0,1668002349.6883917,-2.31319000E-04

0,1668002350.2083917,-2.32110000E-04

0,1668002350.7383919,-2.31902000E-04

0,1668002351.2583919,-2.32370000E-04

0,1668002351.7883916,-2.32682000E-04

0,1668002352.309392,-2.32974000E-04

0,1668002352.8393917,-2.32589000E-04

0,1668002353.369392,-2.32672000E-04

0,1668002353.889392,-2.32433000E-04

0,1668002354.4193916,-2.32328000E-04

0,1668002354.9393919,-2.32183000E-04

0,1668002355.4693918,-2.32401000E-04

0,1668002355.994392,-2.32620000E-04

0,1668002356.514392,-2.32485000E-04

0,1668002357.0443916,-2.32797000E-04

0,1668002357.5643916,-2.33119000E-04

0,1668002358.0943918,-2.33213000E-04

0,1668002358.6243918,-2.33338000E-04

0,1668002359.1443918,-2.33307000E-04

0,1668002359.6743917,-2.33192000E-04

0,1668002360.1943917,-2.33473000E-04

0,1668002360.7243917,-2.33557000E-04

0,1668002361.2443917,-2.32339000E-04

0,1668002361.774392,-2.32984000E-04

0,1668002362.2943919,-2.33234000E-04

0,1668002362.8243916,-2.33078000E-04

0,1668002363.3443916,-2.33244000E-04

0,1668002363.8743918,-2.33015000E-04

0,1668002364.3943918,-2.33536000E-04

0,1668002364.9243917,-2.33682000E-04

0,1668002365.4513917,-2.33203000E-04

0,1668002365.9723916,-2.33224000E-04

0,1668002366.5023918,-2.33369000E-04

0,1668002367.0223918,-2.33234000E-04

0,1668002367.5433917,-2.33161000E-04

0,1668002368.073392,-2.33286000E-04

0,1668002368.593392,-2.33546000E-04

0,1668002369.1233916,-2.31340000E-04

0,1668002369.6433918,-2.20379000E-04

0,1668002370.1733918,-2.33036000E-04

0,1668002370.6933918,-2.32547000E-04

0,1668002371.2233918,-2.33099000E-04

0,1668002371.7433918,-2.33921000E-04

0,1668002372.2663918,-2.33265000E-04

0,1668002372.8053918,-2.47150000E-04

0,1668002373.330392,-2.31319000E-04

0,1668002373.8553917,-2.33473000E-04

0,1668002374.3803916,-2.33057000E-04

0,1668002374.902392,-2.31527000E-04

0,1668002375.4323916,-2.34639000E-04

0,1668002375.9543917,-2.56435000E-04

0,1668002376.4843917,-2.34535000E-04

0,1668002377.0063918,-2.30788000E-04

0,1668002377.5263917,-2.25230000E-04

0,1668002378.0583918,-2.34493000E-04

0,1668002378.5783918,-2.34306000E-04

0,1668002379.1003916,-2.33401000E-04

0,1668002379.6303918,-2.34129000E-04

0,1668002380.1523917,-2.37449000E-04

0,1668002380.682392,-2.34348000E-04

0,1668002381.2043917,-2.33702000E-04

0,1668002381.7243917,-2.33952000E-04

0,1668002382.2563918,-2.34826000E-04

0,1668002382.7783918,-2.35212000E-04

0,1668002383.2983918,-2.34660000E-04

0,1668002383.830392,-2.34337000E-04

0,1668002384.3503919,-2.34660000E-04

0,1668002384.8723917,-2.35232000E-04

0,1668002385.402392,-2.35420000E-04

0,1668002385.9243917,-2.34587000E-04

0,1668002386.4543917,-2.34722000E-04

0,1668002386.9763918,-2.35108000E-04

0,1668002387.4963918,-2.35576000E-04

0,1668002388.0283916,-2.38064000E-04

0,1668002388.553392,-2.35919000E-04

0,1668002389.0753918,-2.30736000E-04

0,1668002389.5953918,-2.33817000E-04

0,1668002390.126392,-2.40686000E-04

0,1668002390.6563916,-2.34056000E-04

0,1668002391.1783917,-2.21972000E-04

0,1668002391.6993918,-2.27343000E-04

0,1668002392.2313917,-2.26083000E-04

0,1668002392.7513916,-2.14353000E-04

0,1668002393.2643917,-2.19078000E-04

0,1668002393.8043916,-2.20598000E-04

0,1668002394.3283918,-2.18735000E-04

0,1668002394.849392,-2.10606000E-04

0,1668002395.3793917,-1.89445000E-04

0,1668002395.9003916,-1.95347000E-04

0,1668002396.4303918,-1.88373000E-04

0,1668002396.9513917,-1.87343000E-04

0,1668002397.481392,-1.84668000E-04

0,1668002398.0023918,-1.78860000E-04

0,1668002398.5323918,-1.80432000E-04

0,1668002399.053392,-1.80931000E-04

0,1668002399.5833917,-1.80744000E-04

0,1668002400.1043916,-1.78204000E-04

0,1668002400.6343918,-1.77777000E-04

0,1668002401.1553917,-1.77611000E-04

0,1668002401.685392,-1.73687000E-04

0,1668002402.2133918,-1.69628000E-04

0,1668002402.737392,-1.58876000E-04

0,1668002403.2583919,-1.55888000E-04

0,1668002403.7883916,-1.55701000E-04

0,1668002404.309392,-1.58470000E-04

0,1668002404.8403916,-1.58865000E-04

0,1668002405.3603916,-1.56502000E-04

0,1668002405.8913918,-1.55420000E-04

0,1668002406.4113917,-1.56180000E-04

0,1668002406.9423919,-1.54160000E-04

0,1668002407.4623919,-1.46469000E-04

0,1668002407.993392,-1.53567000E-04

0,1668002408.513392,-1.56492000E-04

0,1668002409.0453918,-1.59802000E-04

0,1668002409.5653918,-1.58782000E-04

0,1668002410.0963917,-1.51714000E-04

0,1668002410.6163917,-1.51048000E-04

0,1668002411.1473918,-1.51756000E-04

0,1668002411.6683917,-1.45865000E-04

0,1668002412.1993918,-1.49050000E-04

0,1668002412.7193918,-1.50757000E-04

0,1668002413.2403917,-1.51277000E-04

0,1668002413.7703917,-1.50132000E-04

0,1668002414.2923918,-1.49008000E-04

0,1668002414.813392,-1.49144000E-04

0,1668002415.3433917,-1.48623000E-04

0,1668002415.8743918,-1.48634000E-04

0,1668002416.3943918,-1.48280000E-04

0,1668002416.9153917,-1.46947000E-04

0,1668002417.4463918,-1.46760000E-04

0,1668002417.9673917,-1.46916000E-04

0,1668002418.497392,-1.46385000E-04

0,1668002419.0183918,-1.45220000E-04

0,1668002419.5483916,-1.44366000E-04

0,1668002420.069392,-1.43804000E-04

0,1668002420.589392,-1.42191000E-04

0,1668002421.1213918,-1.43315000E-04

0,1668002421.6413918,-1.44522000E-04

0,1668002422.1733918,-1.41181000E-04

0,1668002422.6933918,-1.41608000E-04

0,1668002423.2153916,-1.41191000E-04

0,1668002423.7453918,-1.41608000E-04

0,1668002424.2673917,-1.42680000E-04

0,1668002424.797392,-1.43263000E-04

0,1668002425.3193917,-1.42805000E-04

0,1668002425.830392,-1.43637000E-04

0,1668002426.3713918,-1.43419000E-04

0,1668002426.8933918,-1.39880000E-04

0,1668002427.4203918,-1.37507000E-04

0,1668002427.9423919,-1.38402000E-04

0,1668002428.4723916,-1.36966000E-04

0,1668002428.9953918,-1.35706000E-04

0,1668002429.5153918,-1.34478000E-04

0,1668002430.0473917,-1.32365000E-04

0,1668002430.5673916,-1.31002000E-04

0,1668002431.0993917,-1.32042000E-04

0,1668002431.6193917,-1.30190000E-04

0,1668002432.149392,-1.29825000E-04

0,1668002432.6693919,-1.28316000E-04

0,1668002433.1893919,-1.29076000E-04

0,1668002433.7193918,-1.28628000E-04

0,1668002434.2393918,-1.29190000E-04

0,1668002434.7693918,-1.27858000E-04

0,1668002435.2893918,-1.26880000E-04

0,1668002435.8193917,-1.26474000E-04

0,1668002436.3413918,-1.23268000E-04

0,1668002436.8623917,-1.23986000E-04

0,1668002437.3933918,-1.25829000E-04

0,1668002437.9153917,-1.25683000E-04

0,1668002438.445392,-1.25142000E-04

0,1668002438.9673917,-1.25225000E-04

0,1668002439.4953918,-1.24580000E-04

0,1668002440.017392,-1.21603000E-04

0,1668002440.537392,-1.20177000E-04

0,1668002441.069392,-1.20937000E-04

0,1668002441.589392,-1.21551000E-04

0,1668002442.1113918,-1.18928000E-04

0,1668002442.6413918,-1.14546000E-04

0,1668002443.1633918,-1.15805000E-04

0,1668002443.6933918,-1.16086000E-04

0,1668002444.2153916,-1.17231000E-04

0,1668002444.7353919,-1.15826000E-04

0,1668002445.2683916,-1.16638000E-04

0,1668002445.7883916,-1.16138000E-04

0,1668002446.310392,-1.15795000E-04

0,1668002446.8403916,-1.14629000E-04

0,1668002447.3623917,-1.14681000E-04

0,1668002447.8833919,-1.13692000E-04

0,1668002448.4143918,-1.11777000E-04

0,1668002448.9373918,-1.13588000E-04

0,1668002449.461392,-1.13651000E-04

0,1668002449.993392,-1.09539000E-04

0,1668002450.513392,-1.09498000E-04

0,1668002451.0453918,-1.10518000E-04

0,1668002451.5653918,-1.09633000E-04

0,1668002452.0873919,-1.09446000E-04

0,1668002452.6173918,-1.08998000E-04

0,1668002453.1393917,-1.07260000E-04

0,1668002453.6693919,-1.06344000E-04

0,1668002454.1913917,-1.05532000E-04

0,1668002454.721392,-1.02316000E-04

0,1668002455.2433918,-1.02513000E-04

0,1668002455.7713916,-1.01931000E-04

0,1668002456.293392,-1.03138000E-04

0,1668002456.8233917,-1.00359000E-04

0,1668002457.3443916,-1.00265000E-04

0,1668002457.8743918,-9.82360000E-05

0,1668002458.3953917,-9.92140000E-05

0,1668002458.9163916,-1.00047000E-04

0,1668002459.4463918,-1.00453000E-04

0,1668002459.977392,-9.83500000E-05

0,1668002460.497392,-9.68300000E-05

0,1668002461.0283916,-9.93800000E-05

0,1668002461.5483916,-9.85480000E-05

0,1668002462.0793917,-9.63100000E-05

0,1668002462.5993917,-9.56440000E-05

0,1668002463.1303918,-9.82360000E-05

0,1668002463.6473918,-9.70800000E-05

0,1668002464.1793919,-9.60290000E-05

0,1668002464.6993918,-9.64870000E-05

0,1668002465.2293918,-9.66010000E-05

0,1668002465.7493918,-9.46550000E-05

0,1668002466.2793918,-9.10950000E-05

0,1668002466.809392,-9.25530000E-05

0,1668002467.329392,-8.80460000E-05

0,1668002467.8593917,-8.26120000E-05

0,1668002468.3793917,-8.37470000E-05

0,1668002468.9093919,-8.58700000E-05

0,1668002469.4303918,-8.46210000E-05

0,1668002469.9603918,-8.46420000E-05

0,1668002470.4803917,-7.96250000E-05

0,1668002471.0103917,-7.67940000E-05

0,1668002471.5303917,-7.72520000E-05

0,1668002472.0603917,-8.08120000E-05

0,1668002472.5803916,-8.14570000E-05

0,1668002473.1103919,-8.12800000E-05

0,1668002473.6303918,-8.28730000E-05

0,1668002474.1603916,-8.15610000E-05

0,1668002474.6803918,-8.04160000E-05

0,1668002475.2103918,-7.92300000E-05

0,1668002475.7303917,-7.94690000E-05

0,1668002476.2603917,-7.94790000E-05

0,1668002476.7813919,-8.05720000E-05

0,1668002477.3013918,-7.52640000E-05

0,1668002477.8313918,-7.56280000E-05

0,1668002478.3513918,-7.60030000E-05

0,1668002478.8813918,-7.53990000E-05

0,1668002479.401392,-7.17980000E-05

0,1668002479.9313917,-7.40880000E-05

0,1668002480.4513917,-7.14340000E-05

0,1668002480.981392,-7.14960000E-05

0,1668002481.501392,-7.22870000E-05

0,1668002482.0313919,-7.06010000E-05

0,1668002482.5513918,-6.99970000E-05

0,1668002483.0813918,-7.23290000E-05

0,1668002483.6013918,-7.04030000E-05

0,1668002484.1313918,-6.93520000E-05

0,1668002484.6513917,-6.97160000E-05

0,1668002485.181392,-6.85090000E-05

0,1668002485.701392,-6.86230000E-05

0,1668002486.2313917,-6.93100000E-05

0,1668002486.7523916,-6.64060000E-05

0,1668002487.2823918,-6.62400000E-05

0,1668002487.8023918,-6.62190000E-05

0,1668002488.3323917,-6.79570000E-05

0,1668002488.8523917,-6.29510000E-05

0,1668002489.3823917,-6.38040000E-05

0,1668002489.9033918,-6.38040000E-05

0,1668002490.4333918,-6.28670000E-05

0,1668002490.9533918,-6.42310000E-05

0,1668002491.4833918,-5.89230000E-05

0,1668002492.0033917,-5.73510000E-05

0,1668002492.533392,-6.19410000E-05

0,1668002493.053392,-6.20560000E-05

0,1668002493.5833917,-5.94330000E-05

0,1668002494.1033916,-5.99110000E-05

0,1668002494.6233916,-5.93290000E-05

0,1668002495.1533918,-5.99320000E-05

0,1668002495.6733918,-5.85900000E-05

0,1668002496.2033918,-5.90790000E-05

0,1668002496.7233918,-5.81420000E-05

0,1668002497.253392,-5.81840000E-05

0,1668002497.774392,-5.59040000E-05

0,1668002498.3043916,-5.42180000E-05

0,1668002498.8243916,-5.46860000E-05

0,1668002499.3503919,-5.59350000E-05

0,1668002499.8803916,-5.41350000E-05

0,1668002500.4003916,-5.27300000E-05

0,1668002500.9303918,-5.16990000E-05

0,1668002501.4503918,-5.16160000E-05

0,1668002501.9803917,-5.14700000E-05

0,1668002502.5003917,-5.18140000E-05

0,1668002503.0303917,-5.05850000E-05

0,1668002503.550392,-5.11790000E-05

0,1668002504.0803916,-5.16990000E-05

0,1668002504.6003916,-5.07730000E-05

0,1668002505.1203916,-5.09290000E-05

0,1668002505.6503918,-4.92840000E-05

0,1668002506.1803918,-4.93050000E-05

0,1668002506.7003918,-5.02630000E-05

0,1668002507.2303917,-4.79420000E-05

0,1668002507.7503917,-4.66930000E-05

0,1668002508.2803917,-4.74730000E-05

0,1668002508.8003917,-4.47980000E-05

0,1668002509.330392,-4.35490000E-05

0,1668002509.8553917,-4.44650000E-05

0,1668002510.3753917,-4.33930000E-05

0,1668002510.905392,-4.08430000E-05

0,1668002511.4323916,-3.93030000E-05

0,1668002511.9523916,-3.93440000E-05

0,1668002512.4823918,-4.02180000E-05

0,1668002513.0023918,-4.11450000E-05

0,1668002513.5323918,-3.87090000E-05

0,1668002514.0623918,-3.83760000E-05

0,1668002514.5823917,-3.78870000E-05

0,1668002515.1123917,-3.65030000E-05

0,1668002515.6393917,-3.63260000E-05

0,1668002516.1593916,-3.76790000E-05

0,1668002516.6893919,-3.72310000E-05

0,1668002517.2093873,-3.49410000E-05

0,1668002517.730382,-3.32970000E-05

0,1668002518.2643769,-3.16210000E-05

0,1668002518.7843716,-3.30570000E-05

0,1668002519.314366,-3.04970000E-05

0,1668002519.844361,-3.12260000E-05

0,1668002520.3643558,-2.97890000E-05

0,1668002520.8943505,-2.99140000E-05

0,1668002521.4143453,-2.77700000E-05

0,1668002521.94434,-2.59070000E-05

0,1668002522.464335,-2.59690000E-05

0,1668002522.9943297,-2.57510000E-05

0,1668002523.5133245,-2.61770000E-05

0,1668002524.0433192,-2.57920000E-05

0,1668002524.5733137,-2.59690000E-05

0,1668002525.0933087,-2.38250000E-05

0,1668002525.6233034,-2.31800000E-05

0,1668002526.1432984,-2.27430000E-05

0,1668002526.6732929,-2.16390000E-05

0,1668002527.1932876,-2.32210000E-05

0,1668002527.7232823,-2.03280000E-05

0,1668002528.2432773,-2.12230000E-05

0,1668002528.7732718,-1.88080000E-05

0,1668002529.2932668,-2.07130000E-05

0,1668002529.8242614,-1.89120000E-05

0,1668002530.3442562,-1.91410000E-05

0,1668002530.874251,-1.68510000E-05

0,1668002531.3942456,-1.45720000E-05

0,1668002531.9242404,-1.54250000E-05

0,1668002532.4482353,-1.75700000E-05

0,1668002532.9682302,-1.46660000E-05

0,1668002533.498225,-1.48530000E-05

0,1668002534.0182195,-1.63000000E-05

0,1668002534.5482142,-1.28550000E-05

0,1668002535.0682092,-7.62900000E-06

0,1668002535.590204,-1.19070000E-05

0,1668002536.1201987,-1.26880000E-05

0,1668002536.6401932,-1.04190000E-05

0,1668002537.170188,-9.51300000E-06

0,1668002537.690183,-8.51400000E-06

0,1668002538.2181778,-5.66200000E-06

0,1668002538.7451725,-8.04600000E-06

0,1668002539.2651675,-5.12100000E-06

0,1668002539.7951622,-3.60100000E-06

0,1668002540.3151567,-3.42400000E-06

0,1668002540.8451514,-5.48500000E-06

0,1668002541.3651464,-3.14300000E-06

0,1668002541.8951411,-3.93400000E-06

0,1668002542.4151359,-2.14400000E-06

0,1668002542.9451306,-1.23900000E-06

0,1668002543.4651253,-3.43000000E-07

0,1668002543.99512,+5.93000000E-07

0,1668002544.5151148,-4.20000000E-08

0,1668002545.0451095,+2.51900000E-06

0,1668002545.5651045,+1.17600000E-06

0,1668002546.095099,+2.68500000E-06

0,1668002546.6150937,+1.94600000E-06

0,1668002547.1450884,+3.91400000E-06

0,1668002547.6650834,+2.63300000E-06

0,1668002548.195078,+5.43300000E-06

0,1668002548.7150729,+4.24700000E-06

0,1668002549.2450676,+8.38900000E-06

0,1668002549.7660623,+9.34700000E-06

0,1668002550.296057,+8.73300000E-06

0,1668002550.8160517,+9.44100000E-06

0,1668002551.3360467,+7.26500000E-06

0,1668002551.8660414,+1.10430000E-05

0,1668002552.3860362,+1.14390000E-05

0,1668002552.9160306,+1.16160000E-05

0,1668002553.4360256,+1.68200000E-05

0,1668002553.9660203,+1.49880000E-05

0,1668002554.486015,+1.66430000E-05

0,1668002555.0160098,+1.52480000E-05

0,1668002555.5360045,+1.44780000E-05

0,1668002556.0659993,+1.77260000E-05

0,1668002556.585994,+2.11190000E-05

0,1668002557.1159887,+1.81520000E-05

0,1668002557.6359837,+1.86420000E-05

0,1668002558.1669784,+2.15250000E-05

0,1668002558.686973,+2.34090000E-05

0,1668002559.2069678,+2.58860000E-05

0,1668002559.7369626,+2.20870000E-05

0,1668002560.2609575,+2.36270000E-05

0,1668002560.7909522,+2.26070000E-05

0,1668002561.3109472,+2.21180000E-05

0,1668002561.8319418,+2.35130000E-05

0,1668002562.3649366,+2.46270000E-05

0,1668002562.8849313,+2.55530000E-05

0,1668002563.414926,+1.89540000E-05

0,1668002563.934921,+2.56670000E-05

0,1668002564.4649158,+2.61570000E-05

0,1668002564.9849102,+2.48970000E-05

0,1668002565.514905,+2.90090000E-05

0,1668002566.0349,+2.70310000E-05

0,1668002566.5588949,+3.07260000E-05

0,1668002567.0888896,+3.09130000E-05

0,1668002567.6088843,+2.90500000E-05

0,1668002568.138879,+3.44110000E-05

0,1668002568.6688738,+3.16110000E-05

0,1668002569.1888685,+3.06950000E-05

0,1668002569.718863,+3.83140000E-05

0,1668002570.244858,+4.01560000E-05

0,1668002570.764853,+4.10510000E-05

0,1668002571.2878478,+3.81160000E-05

0,1668002571.8148427,+4.05520000E-05

0,1668002572.3448374,+3.84280000E-05

0,1668002572.864832,+4.17490000E-05

0,1668002573.3948267,+3.99690000E-05

0,1668002573.9148216,+4.35600000E-05

0,1668002574.4448164,+4.28520000E-05

0,1668002574.964811,+4.53600000E-05

0,1668002575.496806,+4.55370000E-05

0,1668002576.0168009,+4.62030000E-05

0,1668002576.5467956,+4.26640000E-05

0,1668002577.06679,+4.63070000E-05

0,1668002577.5967848,+4.69630000E-05

0,1668002578.1267796,+4.42570000E-05

0,1668002578.6467743,+4.49750000E-05

0,1668002579.1707695,+5.04600000E-05

0,1668002579.7007642,+5.23760000E-05

0,1668002580.2207587,+5.12520000E-05

0,1668002580.7507536,+5.27610000E-05

0,1668002581.2707484,+5.13240000E-05

0,1668002581.800743,+5.38430000E-05

0,1668002582.3207378,+5.80590000E-05

0,1668002582.8507326,+5.70910000E-05

0,1668002583.3807273,+5.21670000E-05

0,1668002583.9007223,+5.93290000E-05

0,1668002584.430717,+5.71950000E-05

0,1668002584.9507115,+5.61120000E-05

0,1668002585.4807062,+6.38460000E-05

0,1668002586.0007012,+5.93910000E-05

0,1668002586.5306957,+6.09730000E-05

0,1668002587.0506907,+6.24410000E-05

0,1668002587.5806854,+6.35230000E-05

0,1668002588.10068,+6.75930000E-05

0,1668002588.6306746,+6.43140000E-05

0,1668002589.1506696,+6.49180000E-05

0,1668002589.6806643,+6.44180000E-05

0,1668002590.2016592,+7.06530000E-05

0,1668002590.731654,+6.75930000E-05

0,1668002591.2516484,+6.64790000E-05

0,1668002591.7816432,+6.81650000E-05

0,1668002592.3016381,+6.95910000E-05

0,1668002592.8316329,+7.00910000E-05

0,1668002593.3516276,+7.27030000E-05

0,1668002593.8816223,+7.03720000E-05

0,1668002594.401617,+6.86550000E-05

0,1668002594.9216118,+7.12460000E-05

0,1668002595.4516065,+7.15170000E-05

0,1668002595.9716015,+7.32240000E-05

0,1668002596.5015962,+7.29740000E-05

0,1668002597.0215907,+7.03930000E-05

0,1668002597.5515854,+7.32030000E-05

0,1668002598.0715804,+7.08300000E-05

0,1668002598.6015751,+7.47750000E-05

0,1668002599.1215699,+7.23810000E-05

0,1668002599.6515646,+7.66070000E-05

0,1668002600.1725593,+7.76370000E-05

0,1668002600.7025542,+7.27560000E-05

0,1668002601.222549,+7.46810000E-05

0,1668002601.7525434,+7.27870000E-05

0,1668002602.2725384,+7.36190000E-05

0,1668002602.8025331,+7.21410000E-05

0,1668002603.322528,+7.14540000E-05

0,1668002603.8525226,+7.66900000E-05

0,1668002604.3725173,+7.17460000E-05

0,1668002604.902512,+7.77620000E-05

0,1668002605.422507,+7.74390000E-05

0,1668002605.9525015,+7.65960000E-05

0,1668002606.4724963,+7.77930000E-05

0,1668002607.0024912,+8.12700000E-05

0,1668002607.5274858,+7.94790000E-05

0,1668002608.0474806,+8.11660000E-05

0,1668002608.5774753,+8.20820000E-05

0,1668002609.0974703,+8.21020000E-05

0,1668002609.627465,+8.41220000E-05

0,1668002610.1484597,+8.36740000E-05

0,1668002610.6784542,+8.44230000E-05

0,1668002611.1984491,+8.45590000E-05

0,1668002611.718444,+8.24980000E-05

0,1668002612.2484388,+8.12590000E-05

0,1668002612.7684333,+8.64840000E-05

0,1668002613.298428,+8.81600000E-05

0,1668002613.818423,+8.79420000E-05

0,1668002614.3484178,+8.84520000E-05

0,1668002614.8684125,+9.22710000E-05

0,1668002615.3984072,+9.31870000E-05

0,1668002615.918402,+9.51650000E-05

0,1668002616.4483967,+9.34890000E-05

0,1668002616.9683914,+9.22820000E-05

0,1668002617.4983861,+9.22820000E-05

0,1668002618.018381,+9.29690000E-05

0,1668002618.5483758,+9.06170000E-05

0,1668002619.0683703,+9.25840000E-05

0,1668002619.598365,+9.27500000E-05

0,1668002620.11936,+9.95370000E-05

0,1668002620.639355,+9.63200000E-05

0,1668002621.1703496,+9.78190000E-05

0,1668002621.690344,+9.36140000E-05

0,1668002622.220339,+9.72880000E-05

0,1668002622.7403338,+9.82150000E-05

0,1668002623.2703285,+9.65810000E-05

0,1668002623.7903233,+9.85890000E-05

0,1668002624.320318,+9.78090000E-05

0,1668002624.8403127,+1.00442000E-04

0,1668002625.3703077,+9.78500000E-05

0,1668002625.8903022,+9.65180000E-05

0,1668002626.420297,+1.03388000E-04

0,1668002626.940292,+1.02732000E-04

0,1668002627.4702866,+1.00838000E-04

0,1668002627.990281,+1.00931000E-04

0,1668002628.520276,+1.04189000E-04

0,1668002629.0402708,+1.02607000E-04

0,1668002629.5702655,+1.05022000E-04

0,1668002630.0902603,+1.08342000E-04

0,1668002630.6222553,+1.06687000E-04

0,1668002631.1442502,+1.07301000E-04

0,1668002631.6672454,+1.08342000E-04

0,1668002632.19724,+1.09081000E-04

0,1668002632.7172348,+1.09425000E-04

0,1668002633.2472298,+1.08613000E-04

0,1668002633.7672243,+1.09518000E-04

0,1668002634.297219,+1.12901000E-04

0,1668002634.817214,+1.11340000E-04

0,1668002635.3472087,+1.10476000E-04

0,1668002635.8772032,+1.11413000E-04

0,1668002636.3961985,+1.14119000E-04

0,1668002636.9271932,+1.12225000E-04

0,1668002637.447188,+1.12943000E-04

0,1668002637.9771826,+1.10164000E-04

0,1668002638.4971774,+1.13942000E-04

0,1668002639.027172,+1.19365000E-04

0,1668002639.547167,+1.15576000E-04

0,1668002640.0771616,+1.17065000E-04

0,1668002640.5971563,+1.18876000E-04

0,1668002641.1221514,+1.21020000E-04

0,1668002641.6521459,+1.19084000E-04

0,1668002642.1821406,+1.17335000E-04

0,1668002642.7021356,+1.20135000E-04

0,1668002643.2241304,+1.24944000E-04

0,1668002643.754125,+1.21488000E-04

0,1668002644.27812,+1.24465000E-04

0,1668002644.8081148,+1.25162000E-04

0,1668002645.3281093,+1.20322000E-04

0,1668002645.858104,+1.22883000E-04

0,1668002646.378099,+1.25527000E-04

0,1668002646.9080937,+1.26162000E-04

0,1668002647.4280884,+1.26224000E-04

0,1668002647.9580832,+1.27359000E-04

0,1668002648.478078,+1.27931000E-04

0,1668002649.0080726,+1.29700000E-04

0,1668002649.5280674,+1.28608000E-04

0,1668002650.058062,+1.27733000E-04

0,1668002650.578057,+1.26505000E-04

0,1668002651.1050518,+1.29971000E-04

0,1668002651.6350465,+1.29794000E-04

0,1668002652.1550412,+1.31470000E-04

0,1668002652.6850357,+1.30596000E-04

0,1668002653.202031,+1.31449000E-04

0,1668002653.7290256,+1.30606000E-04

0,1668002654.2590203,+1.32240000E-04

0,1668002654.779015,+1.31439000E-04

0,1668002655.30901,+1.34592000E-04

0,1668002655.8290045,+1.36237000E-04

0,1668002656.3589993,+1.38215000E-04

0,1668002656.8789942,+1.38860000E-04

0,1668002657.4089887,+1.39079000E-04

0,1668002657.9289834,+1.39172000E-04

0,1668002658.4589784,+1.41358000E-04

0,1668002658.9789732,+1.40369000E-04

0,1668002659.502968,+1.39661000E-04

0,1668002660.0329628,+1.41702000E-04

0,1668002660.5529575,+1.43866000E-04

0,1668002661.0829523,+1.41774000E-04

0,1668002661.602947,+1.45011000E-04

0,1668002662.1299417,+1.44397000E-04

0,1668002662.6499367,+1.41597000E-04

0,1668002663.1799314,+1.43065000E-04

0,1668002663.699926,+1.44501000E-04

0,1668002664.2299209,+1.46208000E-04

0,1668002664.7499156,+1.47260000E-04

0,1668002665.2799103,+1.48779000E-04

0,1668002665.799905,+1.48488000E-04

0,1668002666.3298998,+1.48394000E-04

0,1668002666.8498948,+1.49581000E-04

0,1668002667.3798895,+1.48811000E-04

0,1668002667.899884,+1.51277000E-04

0,1668002668.4298787,+1.52152000E-04

0,1668002668.9498737,+1.56981000E-04

0,1668002669.4798684,+1.55045000E-04

0,1668002669.9998631,+1.56450000E-04

0,1668002670.5298579,+1.55920000E-04

0,1668002671.0568526,+1.56513000E-04

0,1668002671.5768473,+1.57210000E-04

0,1668002672.106842,+1.56315000E-04

0,1668002672.626837,+1.58074000E-04

0,1668002673.1568315,+1.58740000E-04

0,1668002673.6768265,+1.56815000E-04

0,1668002674.1968212,+1.58532000E-04

0,1668002674.726816,+1.60374000E-04

0,1668002675.2468107,+1.61082000E-04

0,1668002675.7768054,+1.62800000E-04

0,1668002676.2968004,+1.65943000E-04

0,1668002676.826795,+1.64028000E-04

0,1668002677.3467896,+1.65370000E-04

0,1668002677.8767843,+1.66848000E-04

0,1668002678.3967793,+1.68451000E-04

0,1668002678.926774,+1.69638000E-04

0,1668002679.4487689,+1.67431000E-04

0,1668002679.9687634,+1.65735000E-04

0,1668002680.498758,+1.69700000E-04

0,1668002681.018753,+1.69451000E-04

0,1668002681.549748,+1.68722000E-04

0,1668002682.076743,+1.72334000E-04

0,1668002682.5967376,+1.73447000E-04

0,1668002683.1267323,+1.68431000E-04

0,1668002683.646727,+1.72427000E-04

0,1668002684.1767218,+1.74936000E-04

0,1668002684.6967165,+1.76580000E-04

0,1668002685.2167115,+1.75311000E-04

0,1668002685.7467062,+1.77861000E-04

0,1668002686.2667007,+1.78131000E-04

0,1668002686.7966955,+1.75144000E-04

0,1668002687.3206904,+1.76768000E-04

0,1668002687.8406854,+1.82201000E-04

0,1668002688.37068,+1.80515000E-04

0,1668002688.9006748,+1.81556000E-04

0,1668002689.4206696,+1.78464000E-04

0,1668002689.9506643,+1.81597000E-04

0,1668002690.470659,+1.82503000E-04

0,1668002690.997654,+1.81295000E-04

0,1668002691.5206497,+1.83981000E-04

0,1668002692.0506442,+1.83346000E-04

0,1668002692.5706391,+1.82211000E-04

0,1668002693.1006339,+1.83970000E-04

0,1668002693.6206286,+1.85677000E-04

0,1668002694.1506233,+1.85448000E-04

0,1668002694.670618,+1.85802000E-04

0,1668002695.2006128,+1.86406000E-04

0,1668002695.7306075,+1.88633000E-04

0,1668002696.2506022,+1.88488000E-04

0,1668002696.780597,+1.89164000E-04

0,1668002697.300592,+1.89966000E-04

0,1668002697.8305867,+1.90642000E-04

0,1668002698.3505812,+1.88654000E-04

0,1668002698.880576,+1.90236000E-04

0,1668002699.4005709,+1.91798000E-04

0,1668002699.9305654,+1.91850000E-04

0,1668002700.4505603,+1.91933000E-04

0,1668002700.980555,+1.94004000E-04

0,1668002701.5005498,+1.94171000E-04

0,1668002702.0305443,+1.93057000E-04

0,1668002702.5615396,+1.95337000E-04

0,1668002703.0815341,+1.95940000E-04

0,1668002703.6115289,+1.99011000E-04

0,1668002704.1315238,+1.94962000E-04

0,1668002704.6615186,+1.97616000E-04

0,1668002705.1815133,+1.98012000E-04

0,1668002705.711508,+1.97314000E-04

0,1668002706.2325027,+1.96981000E-04

0,1668002706.7624974,+1.97231000E-04

0,1668002707.2834923,+1.99531000E-04

0,1668002707.813487,+1.97397000E-04

0,1668002708.334482,+1.98615000E-04

0,1668002708.8644764,+2.00603000E-04

0,1668002709.3854713,+1.99833000E-04

0,1668002709.915466,+2.04267000E-04

0,1668002710.4364607,+2.06390000E-04

0,1668002710.9664555,+2.04756000E-04

0,1668002711.4884503,+2.03310000E-04

0,1668002712.0084453,+2.04673000E-04

0,1668002712.53944,+2.08316000E-04

0,1668002713.0594344,+2.04184000E-04

0,1668002713.590429,+2.06068000E-04

0,1668002714.110424,+2.07171000E-04

0,1668002714.631419,+2.07608000E-04

0,1668002715.1564138,+2.06952000E-04

0,1668002715.6864085,+2.09138000E-04

0,1668002716.2074032,+2.09451000E-04

0,1668002716.7383978,+2.11376000E-04

0,1668002717.2593927,+2.11522000E-04

0,1668002717.7893875,+2.10876000E-04

0,1668002718.3103824,+2.14624000E-04

0,1668002718.830377,+2.12906000E-04

0,1668002719.361372,+2.14363000E-04

0,1668002719.8813665,+2.16112000E-04

0,1668002720.4133613,+2.14925000E-04

0,1668002720.933356,+2.17507000E-04

0,1668002721.4553509,+2.15644000E-04

0,1668002721.9863455,+2.20952000E-04

0,1668002722.5093405,+2.19339000E-04

0,1668002723.0293353,+2.24335000E-04

0,1668002723.5613298,+2.20223000E-04

0,1668002724.0813248,+2.24418000E-04

0,1668002724.6033196,+2.23471000E-04

0,1668002725.1333144,+2.18308000E-04

0,1668002725.655309,+2.23054000E-04

0,1668002726.1773038,+2.24918000E-04

0,1668002726.7072985,+2.27187000E-04

0,1668002727.2292933,+2.24512000E-04

0,1668002727.759288,+2.26364000E-04

0,1668002728.281283,+2.28103000E-04

0,1668002728.8112776,+2.25292000E-04

0,1668002729.3332722,+2.29737000E-04

0,1668002729.8532672,+2.31371000E-04

0,1668002730.3852618,+2.29414000E-04

0,1668002730.9052567,+2.30268000E-04

0,1668002731.4282515,+2.28394000E-04

0,1668002731.9582462,+2.31860000E-04

0,1668002732.4802408,+2.29435000E-04

0,1668002733.0102355,+2.31111000E-04

0,1668002733.5322304,+2.29643000E-04

0,1668002734.0522254,+2.31610000E-04

0,1668002734.58422,+2.35586000E-04

0,1668002735.1042147,+2.37678000E-04

0,1668002735.6262095,+2.38428000E-04

0,1668002736.1562042,+2.35971000E-04

0,1668002736.678199,+2.37148000E-04

0,1668002737.200194,+2.38501000E-04

0,1668002737.7301886,+2.39854000E-04

0,1668002738.2521832,+2.39208000E-04

0,1668002738.7821782,+2.41144000E-04

0,1668002739.3041728,+2.39469000E-04

0,1668002739.8241677,+2.40260000E-04

0,1668002740.3561623,+2.40072000E-04

0,1668002740.8761573,+2.39562000E-04

0,1668002741.3991518,+2.39406000E-04

0,1668002741.9291465,+2.38105000E-04

0,1668002742.4511414,+2.41540000E-04

0,1668002742.982136,+2.41509000E-04

0,1668002743.5041308,+2.43570000E-04

0,1668002744.0241258,+2.46213000E-04

0,1668002744.5561204,+2.44912000E-04

0,1668002745.0761151,+2.45755000E-04

0,1668002745.59811,+2.44517000E-04

0,1668002746.1281047,+2.46786000E-04

0,1668002746.6500995,+2.46661000E-04

0,1668002747.1800942,+2.48326000E-04

0,1668002747.702089,+2.49627000E-04

0,1668002748.2240837,+2.47650000E-04

0,1668002748.7540784,+2.52708000E-04

0,1668002749.2760732,+2.49159000E-04

0,1668002749.7960682,+2.49679000E-04

0,1668002750.3280628,+2.51022000E-04

0,1668002750.8480575,+2.50366000E-04

0,1668002751.3710525,+2.52552000E-04

0,1668002751.8990474,+2.51709000E-04

0,1668002752.4280422,+2.51636000E-04

0,1668002752.9480371,+2.51834000E-04

0,1668002753.470032,+2.52906000E-04

0,1668002754.0000267,+2.54238000E-04

0,1668002754.5220213,+2.56424000E-04

0,1668002755.052016,+2.55914000E-04

0,1668002755.5740108,+2.53250000E-04

0,1668002756.1040053,+2.56487000E-04

0,1668002756.6260004,+2.56757000E-04

0,1668002757.155995,+2.57819000E-04

0,1668002757.67599,+2.58912000E-04

0,1668002758.2059848,+2.57788000E-04

0,1668002758.7279794,+2.58142000E-04

0,1668002759.2499743,+2.60941000E-04

0,1668002759.779969,+2.61732000E-04

0,1668002760.3019638,+2.61618000E-04

0,1668002760.8319585,+2.64210000E-04

0,1668002761.3539534,+2.62961000E-04

0,1668002761.883948,+2.64751000E-04

0,1668002762.4019432,+2.63877000E-04

0,1668002762.9319377,+2.63408000E-04

0,1668002763.4519327,+2.64522000E-04

0,1668002763.9789276,+2.65251000E-04

0,1668002764.5109222,+2.67270000E-04

0,1668002765.0309172,+2.67395000E-04

0,1668002765.557912,+2.66749000E-04

0,1668002766.0879068,+2.67988000E-04

0,1668002766.6099017,+2.70736000E-04

0,1668002767.1298962,+2.70788000E-04

0,1668002767.661891,+2.71974000E-04

0,1668002768.1818857,+2.71277000E-04

0,1668002768.7138805,+2.76138000E-04

0,1668002769.2338753,+2.74493000E-04

0,1668002769.76587,+2.73307000E-04

0,1668002770.273865,+2.72797000E-04

0,1668002770.8148596,+2.74525000E-04

0,1668002771.3388543,+2.75451000E-04

0,1668002771.8588493,+2.75888000E-04

0,1668002772.391844,+2.75680000E-04

0,1668002772.9118388,+2.75846000E-04

0,1668002773.4438336,+2.75774000E-04

0,1668002773.9638283,+2.75232000E-04

0,1668002774.4898233,+2.77085000E-04

0,1668002775.019818,+2.79417000E-04

0,1668002775.5418127,+2.77814000E-04

0,1668002776.0618076,+2.78511000E-04

0,1668002776.5938022,+2.79375000E-04

0,1668002777.1137972,+2.79344000E-04

0,1668002777.6357918,+2.78782000E-04

0,1668002778.1657867,+2.79531000E-04

0,1668002778.6877813,+2.81915000E-04

0,1668002779.217776,+2.81613000E-04

0,1668002779.739771,+2.82216000E-04

0,1668002780.2637658,+2.84486000E-04

0,1668002780.7857604,+2.86016000E-04

0,1668002781.3067553,+2.85641000E-04

0,1668002781.83775,+2.84610000E-04

0,1668002782.3597448,+2.87494000E-04

0,1668002782.8897395,+2.87171000E-04

0,1668002783.4117343,+2.89044000E-04

0,1668002783.932729,+2.88181000E-04

0,1668002784.4647238,+2.87983000E-04

0,1668002784.9847186,+2.88711000E-04

0,1668002785.5167131,+2.89534000E-04

0,1668002786.036708,+2.89679000E-04

0,1668002786.558703,+2.91001000E-04

0,1668002787.0886977,+2.91709000E-04

0,1668002787.6116924,+2.91043000E-04

0,1668002788.1316874,+2.92448000E-04

0,1668002788.663682,+2.96278000E-04

0,1668002789.183677,+2.93999000E-04

0,1668002789.7056718,+2.95456000E-04

0,1668002790.2356665,+2.94488000E-04

0,1668002790.757661,+2.95581000E-04

0,1668002791.2876558,+2.95727000E-04

0,1668002791.8096507,+2.95560000E-04

0,1668002792.3306456,+2.97038000E-04

0,1668002792.8626401,+2.95290000E-04

0,1668002793.3856354,+2.97059000E-04

0,1668002793.91563,+2.96330000E-04

0,1668002794.4386249,+2.99869000E-04

0,1668002794.9586196,+2.97788000E-04

0,1668002795.4906142,+3.00317000E-04

0,1668002796.0106091,+2.99505000E-04

0,1668002796.532604,+2.99474000E-04

0,1668002797.0625987,+3.03429000E-04

0,1668002797.5845933,+3.03086000E-04

0,1668002798.1145883,+3.02815000E-04

0,1668002798.6365829,+3.02347000E-04

0,1668002799.1565778,+3.06395000E-04

0,1668002799.6885724,+3.06552000E-04

0,1668002800.2085674,+3.04959000E-04

0,1668002800.730562,+3.05708000E-04

0,1668002801.2605567,+3.08664000E-04

0,1668002801.7825515,+3.09820000E-04

0,1668002802.3065464,+3.08238000E-04

0,1668002802.8285413,+3.09029000E-04

0,1668002803.355536,+3.11745000E-04

0,1668002803.8875308,+3.12547000E-04

0,1668002804.4095254,+3.12380000E-04

0,1668002804.9295204,+3.12703000E-04

0,1668002805.461515,+3.16658000E-04

0,1668002805.98151,+3.17428000E-04

0,1668002806.5035048,+3.17751000E-04

0,1668002807.0334995,+3.19687000E-04

0,1668002807.555494,+3.20770000E-04

0,1668002808.0854888,+3.22955000E-04

0,1668002808.6014838,+3.23340000E-04

0,1668002809.1314785,+3.25079000E-04

0,1668002809.6534734,+3.24631000E-04

0,1668002810.183468,+3.25287000E-04

0,1668002810.7054627,+3.23663000E-04

0,1668002811.2164578,+3.24038000E-04

0,1668002811.7544525,+3.25339000E-04

0,1668002812.2744474,+3.26869000E-04

0,1668002812.806442,+3.25349000E-04

0,1668002813.332437,+3.26640000E-04

0,1668002813.8544316,+3.26369000E-04

0,1668002814.3814263,+3.29325000E-04

0,1668002814.9034212,+3.30179000E-04

0,1668002815.414416,+3.30231000E-04

0,1668002815.9554107,+3.31334000E-04

0,1668002816.4774058,+3.32042000E-04

0,1668002817.007403,+3.30783000E-04

0,1668002817.529403,+3.28909000E-04

0,1668002818.059403,+3.32385000E-04

0,1668002818.5814028,+3.35144000E-04

0,1668002819.101403,+3.34707000E-04

0,1668002819.6334028,+3.33281000E-04

0,1668002820.1534028,+3.36767000E-04

0,1668002820.6854029,+3.33530000E-04

0,1668002821.2054029,+3.35602000E-04

0,1668002821.737403,+3.35956000E-04

0,1668002822.257403,+3.37559000E-04

0,1668002822.779403,+3.36257000E-04

0,1668002823.309403,+3.36830000E-04

0,1668002823.8384027,+3.38214000E-04

0,1668002824.3584027,+3.38069000E-04

0,1668002824.884403,+3.39859000E-04

0,1668002825.4144027,+3.40900000E-04

0,1668002825.936403,+3.41753000E-04

0,1668002826.447403,+3.40015000E-04

0,1668002826.9884028,+3.42409000E-04

0,1668002827.510403,+3.43377000E-04

0,1668002828.040403,+3.44897000E-04

0,1668002828.5624027,+3.43772000E-04

0,1668002829.092403,+3.45750000E-04

0,1668002829.6144028,+3.45521000E-04

0,1668002830.1344028,+3.45802000E-04

0,1668002830.6664028,+3.46000000E-04

0,1668002831.1864028,+3.47384000E-04

0,1668002831.7184029,+3.50382000E-04

0,1668002832.2384028,+3.49143000E-04

0,1668002832.770403,+3.49736000E-04

0,1668002833.291403,+3.49768000E-04

0,1668002833.813403,+3.51225000E-04

0,1668002834.343403,+3.50673000E-04

0,1668002834.865403,+3.51194000E-04

0,1668002835.395403,+3.50923000E-04

0,1668002835.917403,+3.52266000E-04

0,1668002836.447403,+3.52786000E-04

0,1668002836.9694028,+3.52932000E-04

0,1668002837.491403,+3.52672000E-04

0,1668002838.0214028,+3.55159000E-04

0,1668002838.543403,+3.56460000E-04

0,1668002839.063403,+3.58376000E-04

0,1668002839.595403,+3.57012000E-04

0,1668002840.115403,+3.58126000E-04

0,1668002840.647403,+3.57054000E-04

0,1668002841.167403,+3.57439000E-04

0,1668002841.6894028,+3.57605000E-04

0,1668002842.219403,+3.59094000E-04

0,1668002842.7414029,+3.58448000E-04

0,1668002843.271403,+3.59396000E-04

0,1668002843.793403,+3.62019000E-04

0,1668002844.313403,+3.61758000E-04

0,1668002844.845403,+3.63455000E-04

0,1668002845.365403,+3.64860000E-04

0,1668002845.888403,+3.64818000E-04

0,1668002846.418403,+3.64183000E-04

0,1668002846.940403,+3.62133000E-04

0,1668002847.4704027,+3.64090000E-04

0,1668002847.992403,+3.65214000E-04

0,1668002848.5144029,+3.63923000E-04

0,1668002849.0444028,+3.64589000E-04

0,1668002849.566403,+3.64995000E-04

0,1668002850.086403,+3.62393000E-04

0,1668002850.6184027,+3.65485000E-04

0,1668002851.1384027,+3.65870000E-04

0,1668002851.660403,+3.67618000E-04

0,1668002852.1904027,+3.72979000E-04

0,1668002852.712403,+3.72781000E-04

0,1668002853.2424028,+3.73551000E-04

0,1668002853.7644029,+3.70283000E-04

0,1668002854.2854028,+3.74155000E-04

0,1668002854.8174028,+3.76434000E-04

0,1668002855.3374028,+3.75373000E-04

0,1668002855.863403,+3.75654000E-04

0,1668002856.3934028,+3.74821000E-04

0,1668002856.915403,+3.75997000E-04

0,1668002857.435403,+3.76590000E-04

0,1668002857.967403,+3.78287000E-04

0,1668002858.487403,+3.78454000E-04

0,1668002859.019403,+3.81389000E-04

0,1668002859.5414028,+3.78370000E-04

0,1668002860.063403,+3.82357000E-04

0,1668002860.585403,+3.80525000E-04

0,1668002861.115403,+3.82731000E-04

0,1668002861.6374028,+3.83741000E-04

0,1668002862.167403,+3.84501000E-04

0,1668002862.6894028,+3.84688000E-04

0,1668002863.2094028,+3.85948000E-04

0,1668002863.7414029,+3.82284000E-04

0,1668002864.2614028,+3.85188000E-04

0,1668002864.783403,+3.85812000E-04

0,1668002865.313403,+3.87551000E-04

0,1668002865.835403,+3.86770000E-04

0,1668002866.3664029,+3.89289000E-04

0,1668002866.888403,+3.90132000E-04

0,1668002867.408403,+3.90361000E-04

0,1668002867.940403,+3.92505000E-04

0,1668002868.460403,+3.92339000E-04

0,1668002868.9824028,+3.92005000E-04

0,1668002869.512403,+3.92359000E-04

0,1668002870.0344028,+3.94347000E-04

0,1668002870.546403,+3.95794000E-04

0,1668002871.086403,+3.96034000E-04

0,1668002871.608403,+3.99708000E-04

0,1668002872.1384027,+3.96346000E-04

0,1668002872.660403,+3.96523000E-04

0,1668002873.180403,+3.96773000E-04

0,1668002873.712403,+3.98126000E-04

0,1668002874.232403,+3.99552000E-04

0,1668002874.7614028,+3.99510000E-04

0,1668002875.2814028,+4.03444000E-04

0,1668002875.803403,+4.02643000E-04

0,1668002876.3334029,+4.02757000E-04

0,1668002876.855403,+4.03413000E-04

0,1668002877.385403,+4.02404000E-04

0,1668002877.907403,+4.04360000E-04

0,1668002878.431403,+4.04912000E-04

0,1668002878.959403,+4.05807000E-04

0,1668002879.479403,+4.06827000E-04

0,1668002880.011403,+4.07972000E-04

0,1668002880.531403,+4.08284000E-04

0,1668002881.053403,+4.05994000E-04

0,1668002881.5744028,+4.08128000E-04

0,1668002882.105403,+4.09846000E-04

0,1668002882.6374028,+4.09013000E-04

0,1668002883.157403,+4.10730000E-04

0,1668002883.6894028,+4.10376000E-04

0,1668002884.2094028,+4.11584000E-04

0,1668002884.739403,+4.12822000E-04

0,1668002885.259403,+4.12677000E-04

0,1668002885.791403,+4.13978000E-04

0,1668002886.315403,+4.14176000E-04

0,1668002886.835403,+4.13509000E-04

0,1668002887.365403,+4.14321000E-04

0,1668002887.887403,+4.12479000E-04

0,1668002888.417403,+4.15935000E-04

0,1668002888.939403,+4.19744000E-04

0,1668002889.4694028,+4.18495000E-04

0,1668002889.991403,+4.18495000E-04

0,1668002890.511403,+4.18193000E-04

0,1668002891.043403,+4.20556000E-04

0,1668002891.563403,+4.24813000E-04

0,1668002892.095403,+4.20337000E-04

0,1668002892.6174028,+4.20858000E-04

0,1668002893.147403,+4.21014000E-04

0,1668002893.6694028,+4.20181000E-04

0,1668002894.1894028,+4.20462000E-04

0,1668002894.721403,+4.26312000E-04

0,1668002895.2464027,+4.24178000E-04

0,1668002895.768403,+4.23273000E-04

0,1668002896.292403,+4.25219000E-04

0,1668002896.824403,+4.23450000E-04

0,1668002897.344403,+4.23772000E-04

0,1668002897.8764029,+4.26478000E-04

0,1668002898.3964028,+4.26874000E-04

0,1668002898.918403,+4.27800000E-04

0,1668002899.448403,+4.28727000E-04

0,1668002899.9704027,+4.29091000E-04

0,1668002900.500403,+4.28571000E-04

0,1668002901.0224028,+4.29695000E-04

0,1668002901.546403,+4.32859000E-04

0,1668002902.068403,+4.31641000E-04

0,1668002902.5984027,+4.34691000E-04

0,1668002903.120403,+4.31818000E-04

0,1668002903.6524029,+4.34618000E-04

0,1668002904.1724029,+4.32307000E-04

0,1668002904.694403,+4.34576000E-04

0,1668002905.224403,+4.32619000E-04

0,1668002905.7464027,+4.34909000E-04

0,1668002906.276403,+4.34066000E-04

0,1668002906.7984028,+4.37366000E-04

0,1668002907.319403,+4.36106000E-04

0,1668002907.851403,+4.37574000E-04

0,1668002908.371403,+4.39146000E-04

0,1668002908.8934028,+4.38563000E-04

0,1668002909.423403,+4.39874000E-04

0,1668002909.9454029,+4.39458000E-04

0,1668002910.4654028,+4.40426000E-04

0,1668002910.997403,+4.41664000E-04

0,1668002911.517403,+4.41644000E-04

0,1668002912.039403,+4.40603000E-04

0,1668002912.569403,+4.41914000E-04

0,1668002913.091403,+4.44350000E-04

0,1668002913.621403,+4.44215000E-04

0,1668002914.143403,+4.47816000E-04

0,1668002914.6544027,+4.45765000E-04

0,1668002915.195403,+4.44787000E-04

0,1668002915.7084029,+4.48274000E-04

0,1668002916.239403,+4.49169000E-04

0,1668002916.771403,+4.46869000E-04

0,1668002917.291403,+4.49440000E-04

0,1668002917.813403,+4.50543000E-04

0,1668002918.343403,+4.53208000E-04

0,1668002918.865403,+4.51469000E-04

0,1668002919.395403,+4.50439000E-04

0,1668002919.917403,+4.53770000E-04

0,1668002920.447403,+4.52198000E-04

0,1668002920.9694028,+4.54394000E-04

0,1668002921.4894028,+4.56903000E-04

0,1668002922.0214028,+4.55143000E-04

0,1668002922.5414028,+4.57485000E-04

0,1668002923.063403,+4.56434000E-04

0,1668002923.5974028,+4.55654000E-04

0,1668002924.1194031,+4.59068000E-04

0,1668002924.639403,+4.59713000E-04

0,1668002925.171403,+4.57579000E-04

0,1668002925.6824028,+4.58839000E-04

0,1668002926.213403,+4.59505000E-04

0,1668002926.7454028,+4.60181000E-04

0,1668002927.2654028,+4.61847000E-04

0,1668002927.788403,+4.62669000E-04

0,1668002928.3184028,+4.59973000E-04

0,1668002928.8404028,+4.61076000E-04

0,1668002929.364403,+4.63137000E-04

0,1668002929.8864028,+4.62284000E-04

0,1668002930.416403,+4.64678000E-04

0,1668002930.938403,+4.62763000E-04

0,1668002931.463403,+4.66510000E-04

0,1668002931.9854028,+4.65583000E-04

0,1668002932.517403,+4.65843000E-04

0,1668002933.039403,+4.68269000E-04

0,1668002933.559403,+4.66197000E-04

0,1668002934.091403,+4.68092000E-04

0,1668002934.611403,+4.67634000E-04

0,1668002935.1334028,+4.69913000E-04

0,1668002935.663403,+4.71037000E-04

0,1668002936.183403,+4.72266000E-04

0,1668002936.715403,+4.73744000E-04

0,1668002937.237403,+4.71766000E-04

0,1668002937.759403,+4.73296000E-04

0,1668002938.289403,+4.73077000E-04

0,1668002938.811403,+4.74618000E-04

0,1668002939.331403,+4.76981000E-04

0,1668002939.863403,+4.75534000E-04

0,1668002940.383403,+4.74493000E-04

0,1668002940.905403,+4.76273000E-04

0,1668002941.435403,+4.77064000E-04

0,1668002941.957403,+4.77615000E-04

0,1668002942.487403,+4.79104000E-04

0,1668002943.009403,+4.78864000E-04

0,1668002943.539403,+4.78178000E-04

0,1668002944.0614028,+4.79208000E-04

0,1668002944.5814028,+4.81644000E-04

0,1668002945.1134028,+4.79572000E-04

0,1668002945.6334028,+4.79166000E-04

0,1668002946.165403,+4.80665000E-04

0,1668002946.6854029,+4.82882000E-04

0,1668002947.217403,+4.80811000E-04

0,1668002947.7414029,+4.82882000E-04

0,1668002948.268403,+4.82601000E-04

0,1668002948.790403,+4.84100000E-04

0,1668002949.3204029,+4.86869000E-04

0,1668002949.842403,+4.88482000E-04

0,1668002950.362403,+4.90543000E-04

0,1668002950.8944027,+4.93051000E-04

0,1668002951.4144027,+4.94977000E-04

0,1668002951.9464028,+4.92822000E-04

0,1668002952.4664028,+4.93634000E-04

0,1668002952.9984028,+4.93478000E-04

0,1668002953.5184028,+4.92937000E-04

0,1668002954.048403,+4.94644000E-04

0,1668002954.572403,+4.93832000E-04

0,1668002955.096403,+4.94061000E-04

0,1668002955.6264029,+4.93998000E-04

0,1668002956.147403,+4.93842000E-04

0,1668002956.677403,+4.94238000E-04

0,1668002957.197403,+4.94300000E-04

0,1668002957.727403,+4.98672000E-04

0,1668002958.247403,+4.97517000E-04

0,1668002958.7774029,+4.98401000E-04

0,1668002959.2974029,+4.97954000E-04

0,1668002959.827403,+4.99713000E-04

0,1668002960.347403,+4.97787000E-04

0,1668002960.8774028,+5.00098000E-04

0,1668002961.3974028,+4.98630000E-04

0,1668002961.927403,+5.02367000E-04

0,1668002962.447403,+5.00212000E-04

0,1668002962.977403,+5.01649000E-04

0,1668002963.507403,+5.03377000E-04

0,1668002964.027403,+5.02242000E-04

0,1668002964.5574028,+5.04220000E-04

0,1668002965.0774028,+5.05833000E-04

0,1668002965.607403,+5.05656000E-04

0,1668002966.127403,+5.04875000E-04

0,1668002966.657403,+5.05823000E-04

0,1668002967.177403,+5.09237000E-04

0,1668002967.707403,+5.08425000E-04

0,1668002968.2284029,+5.08612000E-04

0,1668002968.750403,+5.08102000E-04

0,1668002969.280403,+5.07623000E-04

0,1668002969.8004029,+5.12265000E-04

0,1668002970.3304029,+5.12921000E-04

0,1668002970.8504028,+5.12775000E-04

0,1668002971.380403,+5.13671000E-04

0,1668002971.900403,+5.14045000E-04

0,1668002972.4304028,+5.16627000E-04

0,1668002972.9504027,+5.16335000E-04

0,1668002973.4704027,+5.18802000E-04

0,1668002974.000403,+5.19655000E-04

0,1668002974.520403,+5.21633000E-04

0,1668002975.0504029,+5.22049000E-04

0,1668002975.5704029,+5.18698000E-04

0,1668002976.1004028,+5.22143000E-04

0,1668002976.621403,+5.20957000E-04

0,1668002977.151403,+5.21279000E-04

0,1668002977.671403,+5.22466000E-04

0,1668002978.201403,+5.21186000E-04

0,1668002978.721403,+5.22185000E-04

0,1668002979.251403,+5.24225000E-04

0,1668002979.771403,+5.23101000E-04

0,1668002980.3014028,+5.28992000E-04

0,1668002980.8214028,+5.26421000E-04

0,1668002981.351403,+5.25682000E-04

0,1668002981.871403,+5.26858000E-04

0,1668002982.401403,+5.28034000E-04

0,1668002982.921403,+5.27909000E-04

0,1668002983.451403,+5.28919000E-04

0,1668002983.9714031,+5.29492000E-04

0,1668002984.5014029,+5.27462000E-04

0,1668002985.0224028,+5.30897000E-04

0,1668002985.552403,+5.30626000E-04

0,1668002986.072403,+5.30335000E-04

0,1668002986.602403,+5.32864000E-04

0,1668002987.122403,+5.32094000E-04

0,1668002987.642403,+5.29596000E-04

0,1668002988.1724029,+5.33207000E-04

0,1668002988.6934028,+5.36319000E-04

0,1668002989.223403,+5.34592000E-04

0,1668002989.743403,+5.35716000E-04

0,1668002990.273403,+5.35445000E-04

0,1668002990.793403,+5.33332000E-04

0,1668002991.316403,+5.36923000E-04

0,1668002991.846403,+5.37881000E-04

0,1668002992.3664029,+5.39838000E-04

0,1668002992.8964028,+5.40004000E-04

0,1668002993.416403,+5.39879000E-04

0,1668002993.9464028,+5.40348000E-04

0,1668002994.4664028,+5.40785000E-04

0,1668002994.996403,+5.41336000E-04

0,1668002995.516403,+5.46124000E-04

0,1668002996.046403,+5.44136000E-04

0,1668002996.566403,+5.45156000E-04

0,1668002997.096403,+5.45063000E-04

0,1668002997.6164029,+5.45437000E-04

0,1668002998.1464028,+5.47623000E-04

0,1668002998.6664028,+5.47228000E-04

0,1668002999.196403,+5.48227000E-04

0,1668002999.716403,+5.48518000E-04

0,1668003000.236403,+5.50361000E-04

0,1668003000.7664027,+5.48914000E-04

0,1668003001.2864027,+5.50007000E-04

0,1668003001.816403,+5.49799000E-04

0,1668003002.346403,+5.51391000E-04

0,1668003002.8664029,+5.50059000E-04

0,1668003003.3964028,+5.50943000E-04

0,1668003003.916403,+5.51495000E-04

0,1668003004.4464028,+5.53296000E-04

0,1668003004.9684029,+5.51745000E-04

0,1668003005.4984028,+5.53806000E-04

0,1668003006.0184028,+5.54576000E-04

0,1668003006.548403,+5.53140000E-04

0,1668003007.068403,+5.53712000E-04

0,1668003007.5934029,+5.54066000E-04

0,1668003008.123403,+5.52484000E-04

0,1668003008.643403,+5.53785000E-04

0,1668003009.1734028,+5.53223000E-04

0,1668003009.6934028,+5.55034000E-04

0,1668003010.223403,+5.55221000E-04

0,1668003010.743403,+5.52578000E-04

0,1668003011.273403,+5.54826000E-04

0,1668003011.803403,+5.57751000E-04

0,1668003012.3234031,+5.58188000E-04

0,1668003012.8534029,+5.60186000E-04

0,1668003013.3734028,+5.61144000E-04

0,1668003013.903403,+5.60759000E-04

0,1668003014.423403,+5.62185000E-04

0,1668003014.953403,+5.62892000E-04

0,1668003015.473403,+5.64069000E-04

0,1668003016.003403,+5.66390000E-04

0,1668003016.527403,+5.63652000E-04

0,1668003017.0584028,+5.68065000E-04

0,1668003017.5784028,+5.68409000E-04

0,1668003018.108403,+5.67951000E-04

0,1668003018.628403,+5.71646000E-04

0,1668003019.158403,+5.71271000E-04

0,1668003019.678403,+5.74144000E-04

0,1668003020.2084029,+5.71750000E-04

0,1668003020.7284029,+5.72604000E-04

0,1668003021.2584028,+5.71896000E-04

0,1668003021.7784028,+5.67514000E-04

0,1668003022.307403,+5.72198000E-04

0,1668003022.8374028,+5.73925000E-04

0,1668003023.3574028,+5.73738000E-04

0,1668003023.887403,+5.72728000E-04

0,1668003024.407403,+5.74206000E-04

0,1668003024.937403,+5.74789000E-04

0,1668003025.457403,+5.74206000E-04

0,1668003025.987403,+5.73082000E-04

0,1668003026.507403,+5.75851000E-04

0,1668003027.0374029,+5.74779000E-04

0,1668003027.5574028,+5.75508000E-04

0,1668003028.087403,+5.79098000E-04

0,1668003028.607403,+5.79661000E-04

0,1668003029.1374028,+5.80805000E-04

0,1668003029.657403,+5.80119000E-04

0,1668003030.178403,+5.81118000E-04

0,1668003030.7084029,+5.82669000E-04

0,1668003031.2284029,+5.84115000E-04

0,1668003031.7584028,+5.83179000E-04

0,1668003032.2784028,+5.85958000E-04

0,1668003032.808403,+5.85135000E-04

0,1668003033.328403,+5.86863000E-04

0,1668003033.8584027,+5.84115000E-04

0,1668003034.3784027,+5.87071000E-04

0,1668003034.908403,+5.84709000E-04

0,1668003035.428403,+5.80670000E-04

0,1668003035.9524028,+5.87196000E-04

0,1668003036.4824028,+5.89111000E-04

0,1668003037.0024028,+5.88654000E-04

0,1668003037.533403,+5.90184000E-04

0,1668003038.053403,+5.92442000E-04

0,1668003038.583403,+5.91152000E-04

0,1668003039.103403,+5.91807000E-04

0,1668003039.6334028,+5.91849000E-04

0,1668003040.1534028,+5.91651000E-04

0,1668003040.683403,+5.92255000E-04

0,1668003041.201403,+5.95763000E-04

0,1668003041.731403,+5.94191000E-04

0,1668003042.252403,+5.96970000E-04

0,1668003042.7824028,+5.94597000E-04

0,1668003043.3024027,+5.95055000E-04

0,1668003043.832403,+5.95773000E-04

0,1668003044.3564029,+5.96585000E-04

0,1668003044.8864028,+5.99645000E-04

0,1668003045.4064028,+5.98261000E-04

0,1668003045.9264028,+6.03288000E-04

0,1668003046.456403,+6.03975000E-04

0,1668003046.976403,+6.04724000E-04

0,1668003047.5064027,+6.06775000E-04

0,1668003048.0264027,+6.06317000E-04

0,1668003048.556403,+6.08409000E-04

0,1668003049.076403,+6.09731000E-04

0,1668003049.6064029,+6.10178000E-04

0,1668003050.1264029,+6.09887000E-04

0,1668003050.6544027,+6.09543000E-04

0,1668003051.1744027,+6.10522000E-04

0,1668003051.699403,+6.10282000E-04

0,1668003052.2294028,+6.09741000E-04

0,1668003052.7494028,+6.08711000E-04

0,1668003053.279403,+6.09085000E-04

0,1668003053.799403,+6.11459000E-04

0,1668003054.329403,+6.08804000E-04

0,1668003054.849403,+6.10147000E-04

0,1668003055.379403,+6.15091000E-04

0,1668003055.899403,+6.12177000E-04

0,1668003056.4294028,+6.11552000E-04

0,1668003056.9494028,+6.13030000E-04

0,1668003057.4704027,+6.15518000E-04

0,1668003058.0044029,+6.15882000E-04

0,1668003058.5244029,+6.14154000E-04

0,1668003059.0444028,+6.16933000E-04

0,1668003059.5744028,+6.15841000E-04

0,1668003060.0944028,+6.17329000E-04

0,1668003060.624403,+6.16403000E-04

0,1668003061.144403,+6.18037000E-04

0,1668003061.6744027,+6.17652000E-04

0,1668003062.194403,+6.19765000E-04

0,1668003062.7184029,+6.20087000E-04

0,1668003063.2484028,+6.21565000E-04

0,1668003063.768403,+6.21721000E-04

0,1668003064.2984028,+6.22814000E-04

0,1668003064.828403,+6.23803000E-04

0,1668003065.348403,+6.22523000E-04

0,1668003065.8784027,+6.22658000E-04

0,1668003066.398403,+6.23616000E-04

0,1668003066.928403,+6.23845000E-04

0,1668003067.448403,+6.23990000E-04

0,1668003067.9784029,+6.25729000E-04

0,1668003068.4984028,+6.28591000E-04

0,1668003069.028403,+6.25010000E-04

0,1668003069.548403,+6.26707000E-04

0,1668003070.0784028,+6.27810000E-04

0,1668003070.608403,+6.28393000E-04

0,1668003071.128403,+6.28050000E-04

0,1668003071.6534028,+6.32047000E-04

0,1668003072.183403,+6.30569000E-04

0,1668003072.703403,+6.32723000E-04

0,1668003073.233403,+6.32765000E-04

0,1668003073.753403,+6.34472000E-04

0,1668003074.283403,+6.32390000E-04

0,1668003074.803403,+6.35409000E-04

0,1668003075.3374028,+6.36876000E-04

0,1668003075.8574028,+6.36980000E-04

0,1668003076.387403,+6.37532000E-04

0,1668003076.907403,+6.38854000E-04

0,1668003077.4304028,+6.38542000E-04

0,1668003077.960403,+6.37615000E-04

0,1668003078.4814029,+6.44089000E-04

0,1668003079.011403,+6.41997000E-04

0,1668003079.5414028,+6.42476000E-04

0,1668003080.0614028,+6.42278000E-04

0,1668003080.591403,+6.48544000E-04

0,1668003081.111403,+6.44547000E-04

0,1668003081.641403,+6.45130000E-04

0,1668003082.161403,+6.44901000E-04

0,1668003082.691403,+6.44297000E-04

0,1668003083.211403,+6.47534000E-04

0,1668003083.7414029,+6.46993000E-04

0,1668003084.2614028,+6.50178000E-04

0,1668003084.791403,+6.50261000E-04

0,1668003085.3214028,+6.52073000E-04

0,1668003085.8414028,+6.51396000E-04

0,1668003086.371403,+6.51968000E-04

0,1668003086.891403,+6.53228000E-04

0,1668003087.411403,+6.53675000E-04

0,1668003087.941403,+6.52801000E-04

0,1668003088.461403,+6.56153000E-04

0,1668003088.991403,+6.54019000E-04

0,1668003089.511403,+6.52083000E-04

0,1668003090.0414028,+6.53353000E-04

0,1668003090.5614028,+6.55747000E-04

0,1668003091.091403,+6.53041000E-04

0,1668003091.611403,+6.53165000E-04

0,1668003092.141403,+6.53821000E-04

0,1668003092.6624029,+6.54217000E-04

0,1668003093.1924028,+6.53717000E-04

0,1668003093.712403,+6.55788000E-04

0,1668003094.2424028,+6.57475000E-04

0,1668003094.7624028,+6.58734000E-04

0,1668003095.292403,+6.60066000E-04

0,1668003095.812403,+6.59650000E-04

0,1668003096.342403,+6.63074000E-04

0,1668003096.862403,+6.63439000E-04

0,1668003097.392403,+6.65468000E-04

0,1668003097.9124029,+6.65302000E-04

0,1668003098.4334028,+6.63970000E-04

0,1668003098.963403,+6.65302000E-04

0,1668003099.483403,+6.66832000E-04

0,1668003100.013403,+6.66072000E-04

0,1668003100.533403,+6.67373000E-04

0,1668003101.063403,+6.69663000E-04

0,1668003101.583403,+6.67404000E-04

0,1668003102.1134028,+6.66291000E-04

0,1668003102.6334028,+6.69236000E-04

0,1668003103.163403,+6.67779000E-04

0,1668003103.683403,+6.70496000E-04

0,1668003104.213403,+6.71797000E-04

0,1668003104.733403,+6.74087000E-04

0,1668003105.263403,+6.74035000E-04

0,1668003105.783403,+6.76710000E-04

0,1668003106.313403,+6.76147000E-04

0,1668003106.8334029,+6.75221000E-04

0,1668003107.363403,+6.75388000E-04

0,1668003107.883403,+6.76449000E-04

0,1668003108.4134028,+6.75825000E-04

0,1668003108.9334028,+6.76023000E-04

0,1668003109.463403,+6.76293000E-04

0,1668003109.983403,+6.76574000E-04

0,1668003110.513403,+6.82101000E-04

0,1668003111.033403,+6.76720000E-04

0,1668003111.5604029,+6.74867000E-04

0,1668003112.0804029,+6.79405000E-04

0,1668003112.6104028,+6.75575000E-04

0,1668003113.131403,+6.79426000E-04

0,1668003113.655403,+6.81654000E-04

0,1668003114.1854029,+6.81945000E-04

0,1668003114.7054029,+6.79967000E-04

0,1668003115.235403,+6.81154000E-04

0,1668003115.755403,+6.81955000E-04

0,1668003116.2854028,+6.85723000E-04

0,1668003116.805403,+6.83756000E-04

0,1668003117.335403,+6.86941000E-04

0,1668003117.855403,+6.87201000E-04

0,1668003118.385403,+6.86972000E-04

0,1668003118.9104028,+6.84297000E-04

0,1668003119.4304028,+6.86941000E-04

0,1668003119.960403,+6.87961000E-04

0,1668003120.480403,+6.88430000E-04

0,1668003121.000403,+6.90032000E-04

0,1668003121.530403,+6.91760000E-04

0,1668003122.0504029,+6.89585000E-04

0,1668003122.5804029,+6.90459000E-04

0,1668003123.1004028,+6.89876000E-04

0,1668003123.6304028,+6.90740000E-04

0,1668003124.1504028,+6.90594000E-04

0,1668003124.680403,+6.92936000E-04

0,1668003125.200403,+6.91344000E-04

0,1668003125.7304027,+6.95226000E-04

0,1668003126.250403,+6.93915000E-04

0,1668003126.780403,+6.92551000E-04

0,1668003127.3004029,+6.95580000E-04

0,1668003127.8304029,+6.96923000E-04

0,1668003128.3574028,+6.97870000E-04

0,1668003128.8774028,+6.95039000E-04

0,1668003129.407403,+7.00233000E-04

0,1668003129.927403,+6.99962000E-04

0,1668003130.457403,+6.99910000E-04

0,1668003130.977403,+6.98484000E-04

0,1668003131.507403,+7.00857000E-04

0,1668003132.0374029,+7.02970000E-04

0,1668003132.5574028,+6.98765000E-04

0,1668003133.087403,+7.02616000E-04

0,1668003133.604403,+7.04906000E-04

0,1668003134.131403,+7.04063000E-04

0,1668003134.661403,+7.05489000E-04

0,1668003135.181403,+7.07113000E-04

0,1668003135.711403,+7.04625000E-04

0,1668003136.231403,+7.05645000E-04

0,1668003136.7614028,+7.06134000E-04

0,1668003137.2854028,+7.08986000E-04

0,1668003137.7654028,+9.46360000E-04

0,1668003138.295403,+7.07831000E-04

0,1668003138.815403,+7.07748000E-04

0,1668003139.346403,+7.09007000E-04

0,1668003139.8664029,+7.09819000E-04

0,1668003140.3964028,+7.08237000E-04

0,1668003140.916403,+7.10298000E-04

0,1668003141.4464028,+7.07612000E-04

0,1668003141.9664028,+7.12026000E-04

0,1668003142.496403,+7.09600000E-04

0,1668003143.016403,+7.10423000E-04

0,1668003143.540403,+7.11099000E-04

0,1668003144.0704029,+7.14878000E-04

0,1668003144.5904028,+7.17490000E-04

0,1668003145.120403,+7.15190000E-04

0,1668003145.640403,+7.17729000E-04

0,1668003146.160403,+7.16970000E-04

0,1668003146.6904027,+7.16803000E-04

0,1668003147.2104027,+7.19499000E-04

0,1668003147.740403,+7.18135000E-04

0,1668003148.260403,+7.18666000E-04

0,1668003148.790403,+1.84372300E-03

0,1668003149.3104029,+7.16543000E-04

0,1668003149.8404028,-4.28779000E-04

0,1668003150.3664029,+7.19790000E-04

0,1668003150.8744028,+7.18885000E-04

0,1668003151.4104028,+7.25744000E-04

0,1668003151.940403,+7.23152000E-04

0,1668003152.460403,+7.26025000E-04

0,1668003152.9904027,+7.23995000E-04

0,1668003153.510403,+7.24495000E-04

0,1668003154.031403,+7.24547000E-04

0,1668003154.511403,+2.18440000E-04

0,1668003155.0414028,+7.26275000E-04

0,1668003155.5614028,+7.25494000E-04

0,1668003156.091403,+7.26337000E-04

0,1668003156.621403,+7.26369000E-04

0,1668003157.141403,+7.25702000E-04

0,1668003157.671403,+7.26962000E-04

